{"state_0": {"state": 0, "percentage": 0.07686781609195402, "means": [[1.2863060090291403, 2.2428178565746544]], "covars": [[0.5539385437842347, 0.5042790131227695]], "startprob": 6.914424963903876e-48, "transmat": [0.9720494298785561, 2.569623096646185e-277, 2.0500968022458975e-117, 0.027950570121443887]}, "state_1": {"state": 1, "percentage": 0.3225574712643678, "means": [[-0.553291986432035, -1.0082676746097032]], "covars": [[0.578566316508107, 0.08929165978419636]], "startprob": 0.0, "transmat": [1.5143047570554384e-308, 0.9663384102624129, 0.033661589737587254, 2.1848756173978352e-190]}, "state_2": {"state": 2, "percentage": 0.29238505747126436, "means": [[-0.0030613310521746488, -0.20677582551459028]], "covars": [[1.0038049934713151, 0.06310016055243982]], "startprob": 0.0, "transmat": [6.0251637289229846e-114, 0.037148675280672096, 0.908373108589954, 0.05447821612937382]}, "state_3": {"state": 3, "percentage": 0.3081896551724138, "means": [[0.25651665929374096, 0.6825590892237062]], "covars": [[0.74553533275483, 0.12889267089254583]], "startprob": 1.0, "transmat": [0.007020198243908319, 1.03367135551776e-165, 0.05149791970567862, 0.9414818820504129]}}