{"state_0": {"state": 0, "percentage": 0.2478448275862069, "means": [[-0.3126790544692314]], "covars": [[0.04156216443539047]], "startprob": 0.0, "transmat": [0.8897121424072196, 2.1515079874398833e-72, 0.047059685247229026, 0.06322817234555131]}, "state_1": {"state": 1, "percentage": 0.17385057471264367, "means": [[1.6102329273173581]], "covars": [[0.5652213275702863]], "startprob": 1.0, "transmat": [4.084634676745254e-72, 0.9503681461143051, 1.888274650482575e-146, 0.04963185388569491]}, "state_2": {"state": 2, "percentage": 0.30387931034482757, "means": [[-1.0364496984956777]], "covars": [[0.08072160464269076]], "startprob": 0.0, "transmat": [0.038355119022852706, 2.395147607615554e-168, 0.9616448809771473, 1.48667291277409e-116]}, "state_3": {"state": 3, "percentage": 0.2744252873563218, "means": [[0.40086408401657364]], "covars": [[0.05840001712579726]], "startprob": 1.5342962627217277e-240, "transmat": [0.05739691737122417, 0.029422174740324755, 1.6944270678317133e-93, 0.9131809078884511]}}