Hidden State	Mean	Variance
1	4.988076309439578e-10	999.9999999999999
2	4.99067366689832e-10	6.756756756758295e-05
