Hidden State	Mean	Variance
1	0.926500800113831	0.006972574737610591
2	0.8540146924884794	0.0017803642741674982
