Hidden State	Mean	Variance
1	0.016581635073801358	0.00010006078355038836
2	0.08558223701514749	0.0018771007598577842
