Hidden State	Mean	Variance
1	1.2809041998699593	0.002181404073767215
2	1.1364981928643028	0.007323194617995771
