Hidden State	Mean	Variance
1	0.03950273604805275	0.00018735483139431636
2	0.01836895039668135	0.0007206939084762053
