Hidden State	Mean	Variance
1	9.685764745683872e-10	999.9999999999999
2	9.672385141435177e-10	6.756756756757532e-05
