Hidden State	Mean	Variance
1	0.6200436976437598	0.03078060156825928
2	-0.2673790344672523	0.0659618407217111
