Hidden State	Mean	Variance
1	0.00931524227950847	1000.0000000001476
2	0.008843289957013094	7.780601756862123e-05
