Hidden State	Mean	Variance
1	0.8593461451161625	0.0008085244927590355
2	0.7762224393151543	0.0014923383735400613
