Hidden State	Mean	Variance
1	1.1741404706943599e-09	6.75675675676302e-05
2	1.6015873659560988e-09	999.9999999999999
