Hidden State	Mean	Variance
1	-0.5416445941520773	0.0007742299517408988
2	-0.44570738551200956	0.002796963915506848
