test	t-value	df	p-value	significance
Wilks' lambda	33.34712296535557	2.0	0.0008980446452674157	True
Pillai's trace	4.3151035661095545	2.0	0.04973301211017218	True
Hotelling-Lawley trace	3.819657003294463	2.0	0.06221332509489302	False
Roy's greatest root	3.819657003294463	2.0	0.06221332509489302	False
