test	t-value	df	p-value	significance
PERMANOVA	26.46923444535168	38.0	4.3247163216613535e-26	True
