test	t-value	df	p-value	significance
Wilks' lambda	-4.075680591658326	36.0	0.00024158805102444597	True
Pillai's trace	-27.811031384713512	36.0	6.25334989272471e-26	True
Hotelling-Lawley trace	-23.88049879935249	36.0	1.1447133747323903e-23	True
Roy's greatest root	-23.88049879935249	36.0	1.1447133747323903e-23	True
