test	t-value	df	p-value	significance
Wilks' lambda	75.20141427787752	38.0	5.951305651692238e-43	True
Pillai's trace	5.138666788287708	38.0	8.602627675151829e-06	True
Hotelling-Lawley trace	3.164409100984996	38.0	0.003055300387315815	True
Roy's greatest root	3.164409100984996	38.0	0.003055300387315815	True
