test	t-value	df	p-value	significance
Wilks' lambda	49.89543854171968	38.0	2.998421013601691e-36	True
Pillai's trace	45.353987144271294	38.0	1.0627232432964337e-34	True
Hotelling-Lawley trace	22.79783164506475	38.0	9.065491542471759e-24	True
Roy's greatest root	22.79783164506475	38.0	9.065491542471759e-24	True
