Hidden State	Mean	Variance
1	-0.0844547584434916	0.04436437105933627
2	0.279326271749525	0.0033889671843898074
