Hidden State	Mean	Variance
1	-0.6240213167047678	0.0043651676893867375
2	0.16898902763666562	0.03506520014045317
