Hidden State	Mean	Variance
1	0.0034130557778618434	6.946508547344362e-05
2	0.003421174569594621	1000.0000000004992
