Hidden State	Mean	Variance
1	5.081004921594569e-10	6.756756757288645e-05
2	4.1434462109349745e-10	999.9999999999999
