Hidden State	Mean	Variance
1	0.767384670187844	0.0007123719618399991
2	0.7173147450047342	0.0006365096926972428
