	log-likelihood	AIC	BIC
cardiac	-98018.00218868509	196098.00437737018	196373.96819046792
neural	-232506.87756306364	465123.7551261273	465613.2892631013
integrated	-395387.74224516586	790917.4844903317	791549.4285580618
subjective	-81774.58352189459	163611.16704378917	163887.15311900637
multimodal	-538655.7434635585	1077485.486927117	1078259.8409256032
