	correlation	accuracy	Pillai's trace mean	Pillai's trace std	Pillai's trace max	Pillai's trace min
cardiac	0.0008561604671618752	0.29571912761567937	0.03385476662008953	0.03600060629767808	0.2120953109333768	0.0005394549111327
neural	-0.01048190777842954	0.28690278546393655	0.01818799441372218	0.023204017929456745	0.1519759452864393	0.0013755856200474
integrated	0.006094551822434801	0.26419479800774764	0.06396143394547589	0.0777320350629873	0.5095023019901085	0.0072500210286927
subjective	1.0	1.0	0.020728979879672173	0.0214889558094125	0.0860355512691663	4.29334160208775e-05
multimodal	-0.134970533715364	0.3351226710938941	0.09040898324693275	0.028063089326169192	0.2061951589765422	0.0414067536092866
