	correlation	accuracy
cardiac	0.0008561604671618752	0.29571912761567937
neural	-0.01048190777842954	0.28690278546393655
integrated	0.006094551822434801	0.26419479800774764
subjective	1.0	1.0
multimodal	-0.134970533715364	0.3351226710938941
