	log-likelihood	AIC	BIC	Pillai's trace mean	Pillai's trace std	Pillai's trace max	Pillai's trace min
cardiac	-98018.00218868509	196098.00437737018	196373.96819046792	0.03385476662008953	0.03600060629767808	0.2120953109333768	0.0005394549111327
neural	-232506.87756306364	465123.7551261273	465613.2892631013	0.01818799441372218	0.023204017929456745	0.1519759452864393	0.0013755856200474
integrated	-395387.74224516586	790917.4844903317	791549.4285580618	0.06396143394547589	0.0777320350629873	0.5095023019901085	0.0072500210286927
subjective	-81774.58352189459	163611.16704378917	163887.15311900637	0.020728979879672173	0.0214889558094125	0.0860355512691663	4.29334160208775e-05
multimodal	-538655.7434635585	1077485.486927117	1078259.8409256032	0.09040898324693275	0.028063089326169192	0.2061951589765422	0.0414067536092866
