Hidden State	Mean	Variance
1	0.8270916570442172	0.0013981538662519982
2	0.7028142533344409	0.0014990961774239537
