Hidden State	Mean	Variance
1	6.071434495893291e-10	6.756756756765936e-05
2	5.83453059023923e-10	999.9999999999999
