Hidden State	Mean	Variance
1	0.010852029471281615	7.549410994613037e-05
2	0.010869074661904777	1000.0000000002868
