Hidden State	Mean	Variance
1	-0.25657800713994605	0.0834335979441499
2	-0.2533366637557209	0.08273478537809839
