Hidden State	Mean	Variance
1	0.7163943000434853	0.0015976263778856867
2	0.7168943451016335	0.0015401367028634735
