Hidden State	Mean	Variance
1	0.01088212485125798	7.031494634005198e-05
2	0.010565774290238507	1000.0000000000884
