Hidden State	Mean	Variance
1	1.0481595034149673e-09	999.9999999999999
2	8.823002563114726e-10	6.756756757364687e-05
