Hidden State	Mean	Variance
1	-0.5260626748536662	0.024700056639710543
2	0.15930208668751084	0.1508925760037881
