Hidden State	Mean	Variance
1	1.1061907321625704	0.002513287336127317
2	1.1220910185628201	0.0016820703968041834
