Hidden State	Mean	Variance
1	0.017500139371961154	1000.0000000017023
2	0.01741738298983883	9.317264731082096e-05
