Hidden State	Mean	Variance
1	6.846055850369465e-10	6.756756756761399e-05
2	6.838773192478046e-10	999.9999999999999
