Hidden State	Mean	Variance
1	0.8829325337689002	0.001904960299338655
2	0.7865643819429885	0.0023430817721565326
