Hidden State	Mean	Variance
1	1.107213167380851e-09	999.9999999999999
2	7.728087324735025e-10	6.756756756977944e-05
