Hidden State	Mean	Variance
1	0.018385161322304545	9.71963194611841e-05
2	0.02442827667528622	1000.0000000000523
