Hidden State	Mean	Variance
1	0.3388493559361326	0.009173635610317272
2	-0.2856073801252582	0.0514600443657887
