Hidden State	Mean	Variance
1	0.38898926682825863	0.05840382384291025
2	0.3812533511247537	0.06295353096782293
