{"state_0": {"state": 0, "percentage": 0.4179856115107914, "means": [[-0.5423024904244875, -0.5310083543020788, -0.3280817328670611, -0.48327502571043585, -0.6023241787649984]], "covars": [[0.021522581693743843, 0.03780962177965943, 0.0940432138828894, 0.07059201295308663, 0.09713250675436398]], "startprob": 1.0, "transmat": [0.8264523963335014, 0.02207190122350524, 0.051709902989444875, 0.09976579945354855]}, "state_1": {"state": 1, "percentage": 0.12877697841726618, "means": [[1.9160436473203475, 1.9145141430392514, 1.446312682148483, 0.17343448929527594, 0.753355450358927]], "covars": [[2.1870618305180507, 2.2325707952182863, 4.170583858281715, 0.6494440983202927, 0.7526450663974532]], "startprob": 4.4658885277460844e-158, "transmat": [0.025844851347469916, 0.5754910406381889, 0.0960379989509956, 0.3026261090633456]}, "state_2": {"state": 2, "percentage": 0.19136690647482013, "means": [[-0.35148560386708544, -0.38274164702652685, -0.21603239743970948, 1.3288489669634294, 1.0634473885966447]], "covars": [[0.10655813264234991, 0.09903794152367679, 0.13116111473589667, 1.9795487406802577, 1.8491306425552287]], "startprob": 1.0529020360997404e-75, "transmat": [0.11792369591452735, 0.05464429941801685, 0.7976968758825581, 0.02973512878489775]}, "state_3": {"state": 3, "percentage": 0.26187050359712233, "means": [[0.17092283530866267, 0.17697801198820057, -0.03958279650551302, -0.30735933272710664, -0.20874929272988274]], "covars": [[0.19271517277771866, 0.1521492070858732, 0.23921929913766032, 0.12230698485556916, 0.17312044597589532]], "startprob": 8.152461326281337e-79, "transmat": [0.17607269488353414, 0.1398949455808841, 0.020367303689683546, 0.6636650558458983]}}