{"state_0": {"state": 0, "percentage": 0.26187050359712233, "means": [[-0.6588991257288175]], "covars": [[0.003992433413836444]], "startprob": 1.0, "transmat": [0.7847615080890675, 0.019950347779205412, 0.17641744175760143, 0.01887070237412558]}, "state_1": {"state": 1, "percentage": 0.26402877697841726, "means": [[0.13986141661447407]], "covars": [[0.13662326961229046]], "startprob": 0.0, "transmat": [0.037071596426419294, 0.6680347129598888, 0.1541439052194946, 0.14074978539419727]}, "state_2": {"state": 2, "percentage": 0.3366906474820144, "means": [[-0.4070235454010484]], "covars": [[0.015911140959783368]], "startprob": 7.68458735129404e-275, "transmat": [0.12907803333907072, 0.13076963356297547, 0.7248700072460978, 0.015282325851855951]}, "state_3": {"state": 3, "percentage": 0.13741007194244603, "means": [[1.7893685377950377]], "covars": [[2.1206354461376797]], "startprob": 0.0, "transmat": [0.007142770507657301, 0.2751582171448593, 0.03660064984878603, 0.6810983624986973]}}