Hidden State	Mean	Variance
1	-0.05083498812828722	0.002235411363911036
2	0.34609727352648456	0.024234185964105828
