Hidden State	Mean	Variance
1	0.23951488594911707	0.04949587739064972
2	-0.19708893425529647	0.0027022788271427764
