Hidden State	Mean	Variance
1	0.1444302776923292	0.06834526894235374
2	0.14406342372665246	0.06836117490664616
