Hidden State	Mean	Variance
1	1.003130688382525	0.003244639675878929
2	0.8428608806876248	0.004189833949409421
