Hidden State	Mean	Variance
1	0.026377607251829034	1000.0000002009467
2	0.02015422059263959	0.00015609304272327687
