Hidden State	Mean	Variance
1	9.725616717865151e-10	6.75675675680988e-05
2	9.73271888667559e-10	999.9999999999999
