Hidden State	Mean	Variance
1	-0.7409171707466631	0.0010501374636970866
2	-0.8474123027389593	0.0011390668811758922
