subject	test	value	num_df	den_df	F	p-value	significance
001	Wilks' lambda	0.9748983890750723	2	1390.0	17.894808103412856	2.1220234027955078e-08	True
001	Pillai's trace	0.02510161092492766	2.0	1390.0	17.894808103412835	2.1220234027955078e-08	True
001	Hotelling-Lawley trace	0.025747925328651562	2	1389.999999999976	17.894808103412835	2.1220234027936003e-08	True
001	Roy's greatest root	0.025747925328651562	2	1390	17.894808103412835	2.1220234027955078e-08	True
