test	t-value	df	p-value	significance
Wilks' lambda	-5.942445666498988	38.0	6.82785691647113e-07	True
Pillai's trace	-17.07047407884916	38.0	2.058334945088243e-19	True
Hotelling-Lawley trace	-16.8297417093396	38.0	3.320503264013033e-19	True
Roy's greatest root	-16.8297417093396	38.0	3.320503264013033e-19	True
