test	t-value	df	p-value	significance
Wilks' lambda	284.59016877229095	38.0	7.2602225940324445e-65	True
Pillai's trace	6.02413812032186	38.0	5.274840632981523e-07	True
Hotelling-Lawley trace	5.860524681364138	38.0	8.844849741363913e-07	True
Roy's greatest root	5.860524681364138	38.0	8.844849741363913e-07	True
