test	t-value	df	p-value	significance
PERMANOVA	42.605757939214335	38.0	1.0929558558315925e-33	True
