test	t-value	df	p-value	significance
PERMANOVA	43.39354778157507	38.0	5.52305689643084e-34	True
