Value	Num DF	Den DF	F	p	Significance
0.16476165711807345	9.0	2.0	1.1265273965253648	0.5552183068060287	False
0.8352383428819266	9.0	2.0	1.1265273965253648	0.5552183068060287	False
5.069373284364142	9.0	1.0	0.5632636982626824	0.7845306540481127	False
5.069373284364142	9.0	2.0	1.1265273965253648	0.5552183068060287	False
