{"state_0": {"state": 0, "percentage": 0.3272111722386796, "means": [[0.46283748554349874, 0.7543965921589707, -0.33152108685785314, -0.3238711267766628, -0.1516686357818247, -0.39223145612215443, -0.3135287707130872]], "covars": [[0.832961182975357, 0.4920091440732994, 0.1720303727926603, 0.1862204665019003, 0.4553487033401451, 0.16416591587413937, 0.09853042118436611]], "startprob": 0.0, "transmat": [0.91072670061625, 0.01654486542667772, 0.02886391474634931, 0.04386451921072286]}, "state_1": {"state": 1, "percentage": 0.4018620397799407, "means": [[-0.3472713457029056, -0.6386631772144605, -0.3021275787318561, -0.31919450886091444, -0.20841083766363427, -0.21190715468437032, -0.15056585310270376]], "covars": [[0.680954983746708, 0.21539870979827536, 0.1813563595730377, 0.1954909416934132, 0.39687774883931953, 0.24250776530574947, 0.17945103725713735]], "startprob": 9.68997476263293e-177, "transmat": [0.014487439453956119, 0.9032949809299229, 0.024858211525198126, 0.057359368090922916]}, "state_2": {"state": 2, "percentage": 0.13070249682606855, "means": [[-0.03641569804762542, 0.28867791819232164, 0.1685926489379858, 0.2312670635167378, 0.13124340592492878, 1.4050303107743864, 1.4742720536777862]], "covars": [[1.5463943758585836, 2.2232208789700816, 0.9010262948191984, 1.035052448439556, 0.9700943077631212, 3.3390477048365543, 4.038229492168847]], "startprob": 1.0, "transmat": [0.06580717604049774, 0.07677479177202687, 0.8306832023119686, 0.026734829875506797]}, "state_3": {"state": 3, "percentage": 0.14022429115531104, "means": [[-0.04808025133662932, -0.20273869603823252, 1.4541177078304057, 1.426565302720525, 0.8125211804394253, 0.1958892672451527, -0.22120970003916648]], "covars": [[0.9328810158484235, 0.6593859007261993, 2.6382874117451536, 2.4798727576775605, 3.1169329731531343, 0.5345201418973983, 0.21051579455751934]], "startprob": 1.4754783886135034e-212, "transmat": [0.10324033974414484, 0.1629166521820433, 0.02038021827286139, 0.7134627898009505]}}