{"state_0": {"state": 0, "percentage": 0.4081534772182254, "means": [[-0.3300342431935843, -0.6346997755440689, -0.29554231286596394, -0.3189326021815461, -0.2083672904478527, -0.23728646211724305, -0.1770605623711048]], "covars": [[0.6941244196247971, 0.20822200004116415, 0.18374756395132222, 0.20448183127128355, 0.4252401649704023, 0.24832483221130755, 0.18412483332413995]], "startprob": 2.9225996609038307e-199, "transmat": [0.9057722883442263, 0.014126593354565795, 0.02416111979148722, 0.05593999850972062]}, "state_1": {"state": 1, "percentage": 0.32280022136137243, "means": [[0.4409395171922995, 0.7648225266715868, -0.3219885402696508, -0.32396286411633346, -0.15504039915510806, -0.3772992575806938, -0.3012916682412624]], "covars": [[0.8713675289152666, 0.4759595389994544, 0.16794453956683472, 0.18414980009505624, 0.46140043756478294, 0.17290769661480823, 0.10673419882273946]], "startprob": 0.0, "transmat": [0.017173846962459695, 0.9087150621834341, 0.030420340380949245, 0.043690750473156854]}, "state_2": {"state": 2, "percentage": 0.1346430547869397, "means": [[-0.01662181332518211, 0.2831794870540583, 0.16484211989591457, 0.2764890832648942, 0.15174538052464573, 1.3894146434389572, 1.462925532793373]], "covars": [[1.5116960090640443, 2.2323399992155433, 0.9427476516628561, 1.1348185171873408, 0.9828655889710166, 3.139040357852442, 3.835504276908463]], "startprob": 1.0, "transmat": [0.07212422647957024, 0.06730931187692, 0.8344865732784061, 0.02607988836510354]}, "state_3": {"state": 3, "percentage": 0.13440324663346245, "means": [[-0.035574110915609664, -0.1925648700763259, 1.4686415955602332, 1.4319183411795884, 0.8313189840165794, 0.21112973139322555, -0.21876140493103813]], "covars": [[0.9126754579915741, 0.6620233909464471, 2.7387586437860967, 2.4607691028287024, 3.0811986322556817, 0.5832792126843914, 0.2220349398255887]], "startprob": 1.1522285666678422e-229, "transmat": [0.16766464828104657, 0.10556555835691124, 0.020978708991045345, 0.7057910843709968]}}