{"state_0": {"state": 0, "percentage": 0.33357314148681055, "means": [[0.12870229185897775, 0.12911573410098898, -0.5475936148913414, -0.5676878048359029, -0.39899520515584985, -0.46201768989086206, -0.24677368150127346]], "covars": [[1.0731740362615743, 1.0275737155702034, 0.036362755852233655, 0.03604408476867006, 0.10735222730824952, 0.29698042525105506, 0.2143268450985765]], "startprob": 0.0, "transmat": [0.7858401437018804, 0.028035741708140754, 0.0613908250237333, 0.12473328956624563]}, "state_1": {"state": 1, "percentage": 0.12494004796163069, "means": [[-0.18602413534325515, -0.28577779772750156, 1.713031467360668, 1.7219324007352783, 1.1498794730940214, 0.6746331144605767, -0.09765761278449703]], "covars": [[1.01092462140453, 0.8313285640541632, 3.596654596601176, 3.339963696751508, 3.2247858364905873, 0.8667707688220289, 0.3412910532779568]], "startprob": 3.550145941571748e-285, "transmat": [0.06139233288750332, 0.6555935018269364, 0.0631711655287901, 0.21984299975677007]}, "state_2": {"state": 2, "percentage": 0.1856115107913669, "means": [[-0.09466929188265462, 0.10868409370606147, -0.10283926468183935, -0.09644769422916294, -0.01863497721418042, 1.1181647722550097, 1.1602034992672203]], "covars": [[0.8691697385996207, 1.1286239890646077, 0.15478042870211492, 0.18511315219262198, 0.5700990709701079, 1.669472564642368, 2.9350668245300495]], "startprob": 1.0, "transmat": [0.11346597301832231, 0.043006486850523294, 0.8194600770907042, 0.0240674630404502]}, "state_3": {"state": 3, "percentage": 0.35587529976019183, "means": [[-0.004650465587110769, -0.0759297461742805, -0.04512587024552956, -0.03281778919968504, -0.027499666717132217, -0.4012183298923392, -0.34883703341688477]], "covars": [[0.9646862951115024, 0.9088232299295808, 0.07862662714639779, 0.12451574977133056, 0.6422650871128531, 0.16267875386730174, 0.048845670902166995]], "startprob": 0.0, "transmat": [0.11915546891634157, 0.07482339336329255, 0.014815830529815924, 0.7912053071905499]}}