state	fractional_occupancy	mean_lifetime	mean_intervaltime
0	0.32721117223867974	12.095394918529722	25.122783217854458
1	0.4018620397799408	11.153396227121831	18.547271793743597
2	0.13070249682606858	6.01922105959499	49.982679672653404
3	0.14022429115531107	2.845537490145697	26.95217928443899
