state	mean_fractional_occupancy	std_fractional_occupancy	min_fractional_occupancy	max_fractional_occupancy	mean_lifetime	std_lifetime	min_lifetime	max_lifetime	mean_intervaltime	std_intervaltime	min_intervaltime	max_intervaltime
0	0.32721117223867974	0.08019047299682715	0.08273381294964029	0.5302158273381294	12.095394918529722	5.648807674945306	5.137254901960785	30.47826086956522	25.122783217854458	11.294048683443533	12.81578947368421	78.8
1	0.4018620397799408	0.08045225503476995	0.2589928057553957	0.6446043165467625	11.153396227121831	4.044637467643508	5.638888888888889	23.692307692307693	18.547271793743597	7.138902483517198	8.841269841269842	43.21739130434783
2	0.13070249682606858	0.05703128722289585	0.038129496402877695	0.2892086330935252	6.01922105959499	3.444774684740782	2.3076923076923075	18.53846153846154	49.982679672653404	24.816249592762365	17.80701754385965	129.625
3	0.14022429115531107	0.04402115590788186	0.034532374100719423	0.2158273381294964	2.845537490145697	1.3084659800180876	1.325	8.538461538461538	26.95217928443899	15.77943337378458	12.663157894736843	87.61538461538461
