state	fractional_occupancy	mean_lifetime	mean_intervaltime
0	0.33357314148681055	3.751353276353276	16.33205128205128
1	0.1249400479616307	1.8668581662365165	23.032288151015816
2	0.18561151079136687	7.122040816326531	29.14019789734075
3	0.3558752997601919	5.229674919484702	10.102563070316693
