Hidden State	Mean	Variance
1	-0.7373274241344819	0.0013282568873526559
2	-0.5863360297379158	0.0034759685249475935
