Hidden State	Mean	Variance
1	-0.4092297735469083	0.0060775638185672385
2	-0.04598231609271233	0.018143339081726235
