Hidden State	Mean	Variance
1	0.011625089669722411	1000.0000000435583
2	0.018821893068724616	9.51225570838019e-05
