Hidden State	Mean	Variance
1	0.7764441919957993	0.0017187569534396923
2	0.8853259191475557	0.002498425748472177
