Hidden State	Mean	Variance
1	4.743970353923324e-10	999.9999999999999
2	4.73684196056659e-10	6.756756756760672e-05
