Hidden State	Mean	Variance
1	0.007977232834164245	6.98181258520493e-05
2	0.00815168575388985	1000.0000000001313
