Hidden State	Mean	Variance
1	4.153472748111803e-09	6.756756757261579e-05
2	4.1562128731680925e-09	999.9999999999999
