Hidden State	Mean	Variance
1	0.7532882957776956	0.0006497528416809827
2	0.7095386545260878	0.0006577009648108348
