{"state_0": {"state": 0, "percentage": 0.41654676258992807, "means": [[-0.631721793192034]], "covars": [[0.03767102349942768]], "startprob": 1.0, "transmat": [0.7601411845437658, 0.21920766714275985, 0.018380027157603784, 0.0022711211558704304]}, "state_1": {"state": 1, "percentage": 0.40215827338129495, "means": [[-0.07049076833220158]], "covars": [[0.1009014903012365]], "startprob": 3.179102177604799e-125, "transmat": [0.220257393426243, 0.659152912576275, 0.12058969399748203, 1.2123321795597444e-20]}, "state_2": {"state": 2, "percentage": 0.15827338129496402, "means": [[1.12861212998731]], "covars": [[0.32675586070325796]], "startprob": 1.8591423867351288e-260, "transmat": [0.03465612316322123, 0.31853745072025874, 0.5792426715821716, 0.06756375453434849]}, "state_3": {"state": 3, "percentage": 0.02302158273381295, "means": [[3.7695619293297113]], "covars": [[5.315539557216623]], "startprob": 0.0, "transmat": [6.16645420079295e-32, 2.1992694437974877e-42, 0.4314510567302438, 0.5685489432697562]}}