{"state_0": {"state": 0, "percentage": 0.39280575539568346, "means": [[-0.6277027119134944, -0.6335025317997888, -0.5053487828021204, -0.1733201808842291, -0.5082433730442507]], "covars": [[0.03939079231640296, 0.03357618135088371, 0.05902206178983278, 0.28377505451183704, 0.40785673221977786]], "startprob": 0.0, "transmat": [0.7225416839801111, 0.019373734048445376, 0.02872204435416043, 0.22936253761728315]}, "state_1": {"state": 1, "percentage": 0.15755395683453238, "means": [[1.568258521071158, 1.6233056885584132, 1.283814466592645, -0.13020347331176227, 0.8589439325499654]], "covars": [[2.211964253731858, 2.023774324053349, 2.880989850557203, 0.3741710294233821, 1.1254549048265126]], "startprob": 0.0, "transmat": [0.03907675857042004, 0.6730168437132635, 0.013384102468901657, 0.2745222952474148]}, "state_2": {"state": 2, "percentage": 0.07985611510791367, "means": [[-0.02438359642686714, -0.043341873497326655, -0.07544945629879626, 2.09852863176201, 1.2001189572103994]], "covars": [[0.5026690398226009, 0.43877194145124915, 0.2693702114617514, 4.446022687698059, 2.6120783504789324]], "startprob": 1.0, "transmat": [0.12813788212215688, 0.06553695296879498, 0.7256635749714805, 0.08066158993756758]}, "state_3": {"state": 3, "percentage": 0.3697841726618705, "means": [[-0.004260004694158648, -0.01767922145950465, -0.00014648123613594956, -0.22815460295981618, -0.09835885664484989]], "covars": [[0.12308114391667724, 0.14061101938363255, 0.3627387759957263, 0.1857133068685654, 0.28767533850585264]], "startprob": 0.0, "transmat": [0.2505089580597784, 0.1076483527457513, 0.02299839915106496, 0.6188442900434054]}}