Hidden State	Mean	Variance
1	-0.2388837894661799	0.06198607206582976
2	-0.276857392674282	0.06759158298164208
