Hidden State	Mean	Variance
1	0.44617420171884103	0.05815754572834009
2	0.4277769416422707	0.05224177832698862
