{"state_0": {"state": 0, "percentage": 0.26402877697841726, "means": [[-0.5825882265770854, -0.8779698132624136, -0.41034650820133517]], "covars": [[0.5131466431658792, 0.09044134040433109, 0.06850494115123645]], "startprob": 0.0, "transmat": [0.9107239328809276, 1.6798364560459456e-61, 0.07375166909798178, 0.01552439802109057]}, "state_1": {"state": 1, "percentage": 0.26187050359712233, "means": [[1.0049074069487283, 0.9170877865026773, -0.4833790672816622]], "covars": [[0.6453695563242898, 1.1638023885363267, 0.04174868665762252]], "startprob": 1.0, "transmat": [1.6912120360260383e-66, 0.9533076657585707, 0.02674874412304816, 0.019943590118381038]}, "state_2": {"state": 2, "percentage": 0.18345323741007194, "means": [[-0.2812404348712614, -0.3128354691865076, 1.4775072849626174]], "covars": [[0.8424712652467071, 0.9827155878468237, 2.021106334216992]], "startprob": 1.4971329537607352e-145, "transmat": [0.10141445087426519, 0.03068694898636274, 0.781534713816616, 0.0863638863227559]}, "state_3": {"state": 3, "percentage": 0.2906474820143885, "means": [[-0.20948974922978916, 0.16725254288860006, -0.15238627221965204]], "covars": [[0.535800034815117, 0.11395446345888541, 0.22578270560658087]], "startprob": 7.370726689006558e-216, "transmat": [0.015585019779881623, 0.020476427540650446, 0.052907946063837065, 0.911030606615631]}}