{"state_0": {"state": 0, "percentage": 0.3316546762589928, "means": [[-0.6170847209284923, -0.5252366830511317]], "covars": [[0.18837226204146715, 0.02548830522608014]], "startprob": 1.3080526005713576e-188, "transmat": [0.8924602135047355, 0.018367921849421702, 0.010049803049678016, 0.07912206159616474]}, "state_1": {"state": 1, "percentage": 0.15827338129496402, "means": [[-0.13437670365174267, 1.6210715727910932]], "covars": [[0.980229902754452, 2.094070831815813]], "startprob": 3.340156285355821e-98, "transmat": [0.024127703182908168, 0.7260214320537196, 0.03320499780410952, 0.21664586695926283]}, "state_2": {"state": 2, "percentage": 0.2460431654676259, "means": [[1.1832319369199267, -0.4951884194658033]], "covars": [[0.7162378492653888, 0.03894365084502729]], "startprob": 1.0, "transmat": [0.017549432039543497, 0.04002133959394705, 0.9424263569114064, 2.871455103073942e-06]}, "state_3": {"state": 3, "percentage": 0.26402877697841726, "means": [[-0.257636785126941, 0.07238711623961398]], "covars": [[0.4280939119059466, 0.14345347280243548]], "startprob": 3.859326985563696e-192, "transmat": [0.1007139431906883, 0.11663367775148435, 0.017255278013326263, 0.7653971010445011]}}