{"state_0": {"state": 0, "percentage": 0.41294964028776976, "means": [[0.24503539920420864, 0.1897590973450182, -0.5442653473156439, -0.532533125289021, -0.328497988112062, -0.4874214883708118, -0.6061687626781788]], "covars": [[1.105129669229967, 1.121836251544978, 0.021347190155148698, 0.03798950775874475, 0.09347779533564674, 0.06896037261169893, 0.09528944405576492]], "startprob": 1.0, "transmat": [0.8301742540351569, 0.050435325583739046, 0.09853948722545061, 0.020850933155653423]}, "state_1": {"state": 1, "percentage": 0.19136690647482013, "means": [[-0.1477692618238152, -0.08567621851289751, -0.35681796896811774, -0.38768234615117825, -0.2204264217604592, 1.3271624472202046, 1.0556389439796907]], "covars": [[0.8570661924627548, 1.0335505808168406, 0.10387467090879238, 0.09688320796461393, 0.13020389462730483, 1.9919516765624599, 1.855622345201437]], "startprob": 2.229484759130806e-170, "transmat": [0.11495902769708558, 0.802342225765412, 0.02929981358347167, 0.05339893295403079]}, "state_2": {"state": 2, "percentage": 0.2669064748201439, "means": [[-0.153699587334352, -0.12884629525682215, 0.15752559024789112, 0.16433352158816078, -0.04418405478644828, -0.30259651678027105, -0.20900520644840997]], "covars": [[0.896581917298147, 0.7708588016975139, 0.19240058293599152, 0.1553851419082227, 0.2362197094379541, 0.1243015838751085, 0.17441026184908637]], "startprob": 2.833154888593011e-228, "transmat": [0.16725278708733257, 0.019902013598109888, 0.6715334426881675, 0.14131175662638998]}, "state_3": {"state": 3, "percentage": 0.12877697841726618, "means": [[-0.24924216041554864, -0.2171826249396463, 1.9049318016403431, 1.9000197612691272, 1.4352599991018078, 0.177721263123425, 0.7590172706993126]], "covars": [[0.7575154029229191, 0.8239338594525221, 2.18306217648712, 2.235358831434028, 4.148952720085672, 0.6535926972884673, 0.7662173366795207]], "startprob": 6.69441408614738e-271, "transmat": [0.0214501916410107, 0.09335268445452215, 0.30750879904853384, 0.5776883248559334]}}