{"state_0": {"state": 0, "percentage": 0.2762589928057554, "means": [[0.7904899158517312, -0.5269965349406546, -0.5034597085951388, -0.29307920393525216, -0.49191166337424197, -0.5690448495998156]], "covars": [[0.8034705506866799, 0.0280939045614782, 0.04936100499679956, 0.09687620708724197, 0.06766887086725956, 0.09013310459662821]], "startprob": 1.0, "transmat": [0.8671291630838094, 0.012342062702727896, 0.03827221872197077, 0.08225655549149177]}, "state_1": {"state": 1, "percentage": 0.2892086330935252, "means": [[-0.7421054949485775, -0.37620999503672736, -0.3615485989960271, -0.3102559831568739, -0.31270012042176637, -0.41221904969181933]], "covars": [[0.12625525870088666, 0.08077510568476672, 0.10607470988671688, 0.11568304651205152, 0.16211364499129233, 0.2082262339813257]], "startprob": 0.0, "transmat": [0.013095237317153561, 0.8662470084533147, 0.08284164389227008, 0.037816110337261635]}, "state_2": {"state": 2, "percentage": 0.18992805755395684, "means": [[-0.20640782199589355, 1.5147974165515339, 1.4724279084204053, 1.0280867038921366, -0.12272517178646246, 0.33730471519659133]], "covars": [[0.770922126495208, 1.900289004384943, 1.9866670273776297, 3.3036894019766954, 0.3447450464436037, 0.5438259490667762]], "startprob": 2.153068393319117e-251, "transmat": [0.05415977079108987, 0.10616051389340779, 0.7028159449961113, 0.13686377031939098]}, "state_3": {"state": 3, "percentage": 0.2446043165467626, "means": [[0.15748195227408393, -0.14681975078827716, -0.157458993003177, -0.10636923156590762, 1.0171732911910414, 0.8624967019705401]], "covars": [[1.0264231699489108, 0.1812067336476106, 0.19544763262781897, 0.21170678817968894, 2.113972483318418, 1.9149682985517535]], "startprob": 3.709712996035114e-187, "transmat": [0.08765821040131716, 0.06284644031210776, 0.09280718727745615, 0.7566881620091189]}}