{"state_0": {"state": 0, "percentage": 0.41294964028776976, "means": [[0.24503539920420964, 0.18975909734502744, -0.5442653473156597, -0.5325331252890291, -0.32849798811204295, -0.60616876267823, -0.48742148837083726]], "covars": [[1.1051296692299863, 1.1218362515450926, 0.021347190155145246, 0.03798950775874199, 0.09347779533565032, 0.09528944405573284, 0.06896037261167892]], "startprob": 1.0, "transmat": [0.8301742540374596, 0.05043532558292811, 0.09853948722437987, 0.020850933155232346]}, "state_1": {"state": 1, "percentage": 0.19136690647482013, "means": [[-0.1477692618236398, -0.0856762185128458, -0.35681796896808576, -0.38768234615111435, -0.22042642176049215, 1.055638943979561, 1.327162447219914]], "covars": [[0.8570661924627706, 1.0335505808166676, 0.10387467090879075, 0.09688320796463964, 0.1302038946272973, 1.8556223452010334, 1.9919516765622494]], "startprob": 2.2294847592646346e-170, "transmat": [0.11495902769612518, 0.8023422257669149, 0.02929981358311376, 0.05339893295384617]}, "state_2": {"state": 2, "percentage": 0.2669064748201439, "means": [[-0.1536995873343882, -0.1288462952567915, 0.15752559024790888, 0.16433352158813183, -0.044184054786480714, -0.2090052064485318, -0.30259651678038285]], "covars": [[0.8965819172981503, 0.7708588016974706, 0.1924005829360346, 0.155385141908239, 0.23621970943786005, 0.17441026184903893, 0.12430158387506099]], "startprob": 2.833154888366258e-228, "transmat": [0.16725278708917574, 0.019902013597993734, 0.6715334426870734, 0.14131175662575718]}, "state_3": {"state": 3, "percentage": 0.12877697841726618, "means": [[-0.24924216041554834, -0.2171826249396473, 1.9049318016402281, 1.9000197612690806, 1.4352599991018802, 0.7590172706991916, 0.17772126312338285]], "covars": [[0.7575154029229042, 0.8239338594524404, 2.183062176487322, 2.235358831434099, 4.148952720085622, 0.7662173366794677, 0.6535926972884366]], "startprob": 6.694414085794244e-271, "transmat": [0.021450191641072345, 0.09335268445437059, 0.30750879904863343, 0.5776883248559236]}}