Hidden State	Mean	Variance
1	0.18759754973522386	0.00733588141822096
2	0.49114909480206875	0.010231530187726262
