{"state_0": {"state": 0, "percentage": 0.3135089366245145, "means": [[0.8179599295641271, -0.7865783532248793]], "covars": [[0.1876550635193144, 0.11395665091101873]], "startprob": 1.0865144100621909e-47, "transmat": [0.9719983785314011, 0.000280557868955745, 0.014802874209538896, 0.012918189390104449]}, "state_1": {"state": 1, "percentage": 0.2674176744528503, "means": [[-1.0788779507390807, 1.025659312085929]], "covars": [[0.1503256659932098, 0.511247832070136]], "startprob": 2.194989394326626e-167, "transmat": [0.0004639469714886425, 0.974798779450544, 0.010691972276279908, 0.014045301301687402]}, "state_2": {"state": 2, "percentage": 0.21781066504684596, "means": [[-0.650721465018234, -0.7775535733138708]], "covars": [[0.2812713780333815, 0.12988566837440454]], "startprob": 1.0, "transmat": [0.02059306976978867, 0.01495263517276815, 0.9576919821827746, 0.006762312874668552]}, "state_3": {"state": 3, "percentage": 0.2012627238757892, "means": [[0.8566822564213965, 0.6929142581359112]], "covars": [[0.38474669301835185, 0.4698994130849913]], "startprob": 2.7918999387787254e-106, "transmat": [0.020611654820070904, 0.01683531583632421, 0.008275677222544672, 0.9542773521210601]}}