state	mean_fractional_occupancy	std_fractional_occupancy	min_fractional_occupancy	max_fractional_occupancy	mean_lifetime	std_lifetime	min_lifetime	max_lifetime	mean_intervaltime	std_intervaltime	min_intervaltime	max_intervaltime
0	0.3135089366245145	0.10784096024703124	0.1191672648959081	0.5463029432878679	21.92535705141244	16.131850283139396	6.235294117647059	99.0	69.23178165205476	42.870640733279245	26.142857142857142	175.25
1	0.2674176744528503	0.06996144894669533	0.08973438621679827	0.38334529791816224	36.077439278018424	32.000015792274766	4.319148936170213	136.33333333333334	118.44050624121704	141.95693119688008	0.0	892.0
2	0.21781066504684596	0.0866212885655134	0.06389088298636038	0.42282842785355346	14.828335838695798	11.767364812528495	4.339622641509434	65.57142857142857	106.42950835713997	72.55318556398574	37.21052631578947	305.0
3	0.2012627238757892	0.1004244183226816	0.03158650394831299	0.45226130653266333	14.146612847986022	8.556351772387456	2.6216216216216215	36.44444444444444	88.76084580495937	77.74947986789196	25.666666666666668	456.0
