state	mean_fractional_occupancy	std_fractional_occupancy	min_fractional_occupancy	max_fractional_occupancy	mean_lifetime	std_lifetime	min_lifetime	max_lifetime	mean_intervaltime	std_intervaltime	min_intervaltime	max_intervaltime
0	0.31318944844124696	0.10761429296605536	0.11942446043165468	0.5453237410071943	23.624550486100322	17.2656577528503	6.235294117647059	99.0	79.60821045470365	40.101275886105356	26.142857142857142	175.25
1	0.2678472606530161	0.07001938559402375	0.08992805755395683	0.3841726618705036	37.31549735520693	32.73617282492625	4.319148936170213	136.33333333333334	114.63739037650804	137.09106347995566	0.0	892.0
2	0.2172846338313964	0.08647713973208385	0.06402877697841726	0.42158273381294964	16.294012464324243	13.585110229698557	4.6	65.57142857142857	105.94256658615865	69.0332008311012	31.20689655172414	305.0
3	0.20167865707434052	0.10063058413975795	0.031654676258992806	0.45323741007194246	14.165871367244543	8.560952151282805	2.6216216216216215	36.44444444444444	89.13620873303735	76.75544379282768	25.666666666666668	456.0
