{"state_0": {"state": 0, "percentage": 0.5848920863309353, "means": [[-0.0493161732568166, -0.1483057416539418, -0.17764836534517367, -0.08425756228722979, -0.3588244963881088, -0.5853807145869906]], "covars": [[0.9142540088878538, 0.03697502914641309, 0.10192086839321922, 0.8090841731221964, 0.016536425025311288, 0.09667771612862153]], "startprob": 1.0, "transmat": [0.9397822105109406, 0.024028218154987336, 0.03618957133407207, 1.060547605646804e-59]}, "state_1": {"state": 1, "percentage": 0.3446043165467626, "means": [[0.08280835511245033, -0.11776371799572562, -0.08606194737795603, 0.0014004715058845904, 0.5208020406552561, 0.8290309568420824]], "covars": [[1.0701429571476315, 0.052748481533529706, 0.14033979174221095, 0.9673362224090403, 0.3693004005068926, 0.6052543935988037]], "startprob": 3.3017485685613347e-40, "transmat": [0.03778165899712066, 0.9501712134420266, 0.007858371731049205, 0.004188755829803487]}, "state_2": {"state": 2, "percentage": 0.06618705035971223, "means": [[-0.06696960819536513, 1.8242743846038156, 1.939554483950145, 0.7211472093122754, -0.3171150610042469, 0.417734034833863]], "covars": [[1.2987526301007597, 10.437578126211823, 8.979708746524858, 2.263158390186132, 0.03415550030380383, 0.999175857913015]], "startprob": 6.171291526455094e-113, "transmat": [0.3243260653996748, 0.024385512851159818, 0.6512884217491656, 9.314405087549158e-124]}, "state_3": {"state": 3, "percentage": 0.004316546762589928, "means": [[1.1990323521977542, 0.5824024914207825, 0.20598488785534852, -0.11839140963272478, 12.100983082799406, 6.601516595798776]], "covars": [[0.0627906780449171, 0.18402280334135326, 0.13948888589191114, 0.08343615752511538, 12.20103163589794, 7.033081941576761]], "startprob": 2.086777635966846e-201, "transmat": [2.616789662992052e-66, 0.33311095241187233, 6.938467387133602e-116, 0.6668890475881277]}}