{"state_0": {"state": 0, "percentage": 0.34172661870503596, "means": [[-0.0682712529778052, 0.08353402347500953, -0.11748632486718462, -0.08545584127192488, 0.0010751755673995484, 0.5220752806798822, 0.8309924384021857]], "covars": [[1.0038750761909903, 1.070327430633909, 0.053010292449411654, 0.14098108232035114, 0.968155566791798, 0.3692542517372169, 0.6044020488630922]], "startprob": 4.50381179396237e-47, "transmat": [0.9502631443284922, 0.037753858967566244, 0.007785671514178155, 0.004197325189763347]}, "state_1": {"state": 1, "percentage": 0.5870503597122302, "means": [[0.01642688936869754, -0.048831225224721685, -0.14787696075967577, -0.17721965913870444, -0.08461457607605039, -0.35837901419125767, -0.5844992450206532]], "covars": [[1.0140168191106536, 0.9158106088250332, 0.037189002082222686, 0.10219858796111543, 0.8090434151405358, 0.016652570725401078, 0.09703717048377222]], "startprob": 1.0, "transmat": [0.024178954828944436, 0.9403410452959108, 0.0354799998751447, 4.322132517499874e-48]}, "state_2": {"state": 2, "percentage": 0.06690647482014389, "means": [[0.23759821821459, -0.07357317829219155, 1.8340837938626429, 1.9493953774544774, 0.7326929379757129, -0.3179541701754404, 0.42228176164503056]], "covars": [[0.8277434257682551, 1.287755947145784, 10.501405723297045, 9.031034998955398, 2.258173137228628, 0.03405167827171916, 1.0033501501428348]], "startprob": 2.9878283258800184e-117, "transmat": [0.021860767181244585, 0.32350390297913284, 0.6546353298396226, 6.8771587600258736e-130]}, "state_3": {"state": 3, "percentage": 0.004316546762589928, "means": [[-0.5673963709361861, 1.1991993196475152, 0.5825639419635974, 0.20608594702627547, -0.11804051343748644, 12.105151065207005, 6.603349009140157]], "covars": [[0.043427333267811306, 0.06275390849828426, 0.18403960202988762, 0.13952454551336044, 0.08317954616529825, 12.164986397693676, 7.028093494672831]], "startprob": 2.126408721656079e-204, "transmat": [0.33325392501054246, 3.245270753744408e-67, 1.85374172756811e-124, 0.6667460749894575]}}