{"state_0": {"state": 0, "percentage": 0.2158273381294964, "means": [[-1.267510539032382, -0.026790701434335432]], "covars": [[0.14945130997988137, 0.09412593035335305]], "startprob": 7.145119315190271e-302, "transmat": [0.937568840031324, 2.8579928791709634e-24, 0.0066822879499222115, 0.05574887201875388]}, "state_1": {"state": 1, "percentage": 0.38201438848920866, "means": [[0.878933696153172, -0.09547743140102175]], "covars": [[0.35631599699150746, 0.051673328650695655]], "startprob": 1.0, "transmat": [4.21741105215027e-08, 0.9371460222302159, 0.021711796384422583, 0.04114213921125101]}, "state_2": {"state": 2, "percentage": 0.04460431654676259, "means": [[0.8801955915445859, 2.3292609402197355]], "covars": [[1.9480883754916802, 14.212072041753391]], "startprob": 6.6864387561379515e-80, "transmat": [0.03980432357822165, 0.1845988196546768, 0.6882027227618221, 0.08739413400527933]}, "state_3": {"state": 3, "percentage": 0.3575539568345324, "means": [[-0.29444982629277433, -0.1925193753900058]], "covars": [[0.08926124397451306, 0.0265338928584881]], "startprob": 2.680926886124421e-240, "transmat": [0.0325492939011783, 0.0409078225327365, 0.014333258889200421, 0.9122096246768847]}}