{"state_0": {"state": 0, "percentage": 0.22949640287769785, "means": [[-0.22664077903430993, -1.2497423868401802, -0.03962696257632633]], "covars": [[1.0834037216134422, 0.15162742425145662, 0.0896624622481673]], "startprob": 0.0, "transmat": [0.9382850728029724, 4.173731132952305e-121, 0.006278440228485929, 0.055436486968541754]}, "state_1": {"state": 1, "percentage": 0.3964028776978417, "means": [[0.17124810103238827, 0.8524408568875218, -0.10640268795967181]], "covars": [[1.1455770354542658, 0.3575016931346093, 0.04947783467402085]], "startprob": 1.0, "transmat": [1.386336257293881e-133, 0.9354111637950261, 0.021788601073979633, 0.04280023513099419]}, "state_2": {"state": 2, "percentage": 0.04820143884892086, "means": [[0.21721319697539673, 0.8643931482315881, 2.280568945415636]], "covars": [[0.8903054172807318, 1.9297219600299824, 13.87597721369935]], "startprob": 2.0594021430811717e-198, "transmat": [0.04178851276437455, 0.18751086329465425, 0.6869900006957623, 0.08371062324520895]}, "state_3": {"state": 3, "percentage": 0.3258992805755396, "means": [[-0.08520349700537705, -0.306565264598859, -0.18338362740629074]], "covars": [[0.7020264595204029, 0.07381217530755516, 0.029386037306022773]], "startprob": 0.0, "transmat": [0.03594544424418563, 0.04789099065273426, 0.015978227183708983, 0.9001853379193712]}}