{"state_0": {"state": 0, "percentage": 0.34172661870503596, "means": [[-0.06827125297774012, 0.08353402347497382, -0.11748632486720892, -0.08545584127197063, 0.0010751755673633885, 0.8309924384021413, 0.5220752806798522]], "covars": [[1.003875076190961, 1.0703274306339758, 0.05301029244939581, 0.1409810823203217, 0.9681555667918063, 0.6044020488631137, 0.36925425173722376]], "startprob": 4.503811793098074e-47, "transmat": [0.9502631443322871, 0.0377538589637059, 0.0077856715141917925, 0.00419732518981517]}, "state_1": {"state": 1, "percentage": 0.5870503597122302, "means": [[0.016426889368657584, -0.048831225224733474, -0.14787696075968285, -0.17721965913871127, -0.08461457607603104, -0.5844992450206752, -0.35837901419126394]], "covars": [[1.0140168191106431, 0.9158106088250159, 0.03718900208221933, 0.1021985879611072, 0.8090434151404436, 0.09703717048376664, 0.01665257072540179]], "startprob": 1.0, "transmat": [0.024178954828836467, 0.9403410452942946, 0.03547999987686892, 4.322132516870498e-48]}, "state_2": {"state": 2, "percentage": 0.06690647482014389, "means": [[0.23759821821460675, -0.07357317829197296, 1.8340837938622645, 1.949395377454156, 0.7326929379754809, 0.42228176164490083, -0.3179541701754296]], "covars": [[0.8277434257686764, 1.2877559471454352, 10.501405723294543, 9.031034998953189, 2.2581731372290035, 1.0033501501426534, 0.034051678271716984]], "startprob": 2.987828325844692e-117, "transmat": [0.021860767182309247, 0.3235039029759774, 0.6546353298417134, 6.877158759690463e-130]}, "state_3": {"state": 3, "percentage": 0.004316546762589928, "means": [[-0.5673963709361866, 1.1991993196475157, 0.5825639419635977, 0.2060859470262756, -0.11804051343748588, 6.603349009140159, 12.105151065207014]], "covars": [[0.04342733326781118, 0.0627539084982842, 0.18403960202988764, 0.13952454551336047, 0.08317954616529787, 7.028093494672822, 12.164986397693616]], "startprob": 2.1264087213640515e-204, "transmat": [0.3332539250107947, 3.245270753621525e-67, 1.8537417275904873e-124, 0.6667460749892052]}}