Hidden State	Mean	Variance
1	6.394037821905735e-10	999.9999999999999
2	6.419176663769075e-10	6.756756757175243e-05
