Hidden State	Mean	Variance
1	0.006698558234101707	1000.0000000111534
2	0.006715772539867512	7.655575656081739e-05
