Hidden State	Mean	Variance
1	0.4736625803017737	0.000520465739414161
2	0.5246114652063347	0.0007707935902057947
