Hidden State	Mean	Variance
1	0.017398501990768644	1000.0000000055047
2	0.014481675218131632	9.153908939076622e-05
