Hidden State	Mean	Variance
1	0.7323266613139926	0.0022773351284231308
2	0.8069699429917232	0.001365662094587897
