Hidden State	Mean	Variance
1	6.829409780956883e-10	999.9999999999999
2	6.891007545987388e-10	6.756756756757601e-05
