Hidden State	Mean	Variance
1	0.6466042930500349	0.00044164112497019483
2	0.6823698457346277	0.0005894423064898368
