Hidden State	Mean	Variance
1	0.007628709815134275	1000.0000000041995
2	0.007612756425512147	7.022106972704338e-05
