Hidden State	Mean	Variance
1	1.1050071496088379e-09	999.9999999999999
2	1.0822663431705887e-09	6.756756756758458e-05
