Hidden State	Mean	Variance
1	0.30210475995319	0.009513407789284355
2	0.30195582702492996	0.009513494783552684
