{"0": {"percentage": 0.15211215642870318, "means": [[-0.003521188665143305, -0.08590353903639039, 0.9826577689818392, 0.984912764470758, 0.5952946278038401, 0.26612590854113927, -0.028050017871575805, 0.20495803917356886, -0.7881966492279548]], "covars": [[0.9391239216778469, 0.8406560309221651, 2.3429229803975415, 2.2125463462090535, 2.5376253182676534, 0.5368486786641562, 0.44472264165986397, 0.7128956219515912, 0.1480475306510885]], "startprob": 2.1443903991069506e-245, "transmat": [0.7474267437976334, 0.005035740300669942, 0.02255268804743269, 0.22498482785426394]}, "1": {"percentage": 0.3358789891163992, "means": [[-0.13789056276649858, -0.1461608468650554, -0.31641249874989297, -0.32402833885135335, -0.21961356062425288, -0.12988214605854512, -0.06556887559359974, -0.38781797953923086, 0.9966546247670046]], "covars": [[0.9975547606212664, 0.8257025870046361, 0.2008698972014583, 0.21897689299036413, 0.4362387582125217, 0.3151419174964012, 0.23390445163657797, 1.0661226203086795, 0.4608167872493345]], "startprob": 0.0, "transmat": [0.0024588506866477415, 0.9155474371454896, 0.06351675881235166, 0.018476953355510854]}, "2": {"percentage": 0.1044825677919203, "means": [[-0.019388650061246016, 0.1553440159283939, 0.7005946020859726, 0.8006619068957115, 0.44511308576380776, 1.5249291572621404, 1.4871755840049066, -0.21709968837932597, 0.6319700052618942]], "covars": [[1.339172167399476, 2.046502208863183, 2.1800123695595417, 2.0337440202143315, 1.681806605084954, 3.8920320714476024, 4.944560328506165, 1.012317311900442, 0.883269850173268]], "startprob": 1.0, "transmat": [0.04001639672963104, 0.1972549799470292, 0.7463700749513874, 0.016358548371952282]}, "3": {"percentage": 0.4075262866629773, "means": [[0.12134836753911452, 0.11224276540190539, -0.29974300737093296, -0.3208177779930387, -0.16405224170314042, -0.3982049924738491, -0.32894367133848357, 0.2986205661824376, -0.6833524807202301]], "covars": [[0.9022475070916602, 0.8846736927651199, 0.1610732447967545, 0.17606767587855482, 0.44115004227202637, 0.15857101342050767, 0.09958283913144285, 0.8106115869076119, 0.1706016692367904]], "startprob": 0.0, "transmat": [0.08379114314348535, 0.015437368923996947, 0.0061613044177690965, 0.8946101835147486]}}