Hidden State	Mean	Variance
1	0.30243249045558923	0.03596163806043551
2	-0.2749979230632205	0.07465211588308446
