Hidden State	Mean	Variance
1	0.01268767830276245	1000.0000000019335
2	0.01260882956183882	7.447521435130062e-05
