Hidden State	Mean	Variance
1	4.3669664341600775e-10	999.9999999999999
2	4.2678206183490236e-10	6.756756756775823e-05
