Hidden State	Mean	Variance
1	0.9520331943533461	0.0015683055932752123
2	1.003975502338304	0.00087695422066216
