{"state_0": {"state": 0, "percentage": 0.5841726618705037, "means": [[-0.14694278813364156, -0.17557691723842928, -0.0794387193022941, -0.36028462882074075, -0.5869695027379186]], "covars": [[0.03725539821420858, 0.10247035148626399, 0.8137147197036051, 0.01607608109423303, 0.09631231267370487]], "startprob": 1.0, "transmat": [0.9399526989998928, 0.015697814834292924, 0.03119330924006261, 0.013156176925751625]}, "state_1": {"state": 1, "percentage": 0.27697841726618705, "means": [[-0.1973642337583636, -0.20392397786288843, -0.016037612726457564, 0.37079327800594564, 0.6270700237526214]], "covars": [[0.02091023582150153, 0.06468300961622199, 0.9402220237434296, 0.12748187265787728, 0.2852123132854387]], "startprob": 3.144692875213233e-63, "transmat": [0.029265557451163108, 0.8829693454581721, 0.0026363277200418954, 0.08512876937062298]}, "state_2": {"state": 2, "percentage": 0.05467625899280575, "means": [[2.120126544857645, 2.2053465484359323, 0.8877692133094264, -0.34492780914387566, 0.46030288406588765]], "covars": [[12.324379954188807, 10.605166920633424, 2.514331408942841, 0.03188609940832595, 1.1644362944239228]], "startprob": 3.348215027634814e-134, "transmat": [0.3231766327240053, 0.015559816913417561, 0.6612635503625771, 5.2683279394251575e-42]}, "state_3": {"state": 3, "percentage": 0.0841726618705036, "means": [[0.25134822791481976, 0.40876168397945684, 0.014106065511845355, 1.451590344088259, 1.6397068154665997]], "covars": [[0.08397686598502181, 0.19864237901635748, 0.9109835413584529, 7.45045390250844, 2.810927145952173]], "startprob": 8.930932495626635e-178, "transmat": [0.1013364258500416, 0.25556283566897, 4.5358602208321064e-76, 0.6431007384809885]}}