{"state_0": {"state": 0, "percentage": 0.720863309352518, "means": [[-0.22248328125813477]], "covars": [[0.014280656888529338]], "startprob": 1.0, "transmat": [0.9067577822384013, 0.009380446129207187, 0.08386177163239135, 0.0]}, "state_1": {"state": 1, "percentage": 0.03093525179856115, "means": [[2.826208770935404]], "covars": [[9.924606363027179]], "startprob": 1.5105740866674789e-72, "transmat": [0.1400187394526145, 0.5985622287826521, 0.239201129850843, 0.02221790191389042]}, "state_2": {"state": 2, "percentage": 0.2474820143884892, "means": [[0.1837416397570121]], "covars": [[0.05910507699090328]], "startprob": 1.310664161919591e-28, "transmat": [0.22932074370494843, 0.021507653640903464, 0.7491716026541482, 0.0]}, "state_3": {"state": 3, "percentage": 0.0007194244604316547, "means": [[22.05342275089889]], "covars": [[0.0]], "startprob": 0.0, "transmat": [0.0, 1.0, 0.0, 0.0]}}