{"state_0": {"state": 0, "percentage": 0.2088913484596938, "means": [[-0.20930762770692019, -0.19811414372043923, -0.12183605988753839, 0.5727542514954802, 0.6115794719537118]], "covars": [[0.19873098821488872, 0.2214062111531772, 0.4305656401292218, 0.3431518101050576, 0.33380860878851315]], "startprob": 0.9999999999975009, "transmat": [0.8237778342105577, 0.03650229368817776, 0.05671317242136343, 0.08300669967990111]}, "state_1": {"state": 1, "percentage": 0.22160118059398634, "means": [[0.529670933689339, 0.5279768356970697, 0.3280397880378152, -0.12277387462614252, -0.3059439280130182]], "covars": [[0.48453769862151574, 0.4941550609101474, 1.0666308446503014, 0.21175907933405222, 0.10696779843256628]], "startprob": 0.0, "transmat": [0.028155634201310314, 0.7040520473152132, 0.04965598196963116, 0.21813633651384523]}, "state_2": {"state": 2, "percentage": 0.07537354731599336, "means": [[1.77621670078282, 1.890319117257307, 1.0435580272557605, 1.812646448370835, 1.49964292251424]], "covars": [[4.997202889405697, 4.2950520999453685, 4.442279686999096, 4.949455725231301, 6.892038923753015]], "startprob": 2.4990720554481073e-12, "transmat": [0.1605854144071503, 0.143849212075435, 0.6668681461969681, 0.02869722732044668]}, "state_3": {"state": 3, "percentage": 0.4941339236303265, "means": [[-0.43973879732371773, -0.46183936513877927, -0.2667454381050233, -0.4761199403200047, -0.35733250914385645]], "covars": [[0.10824051781143645, 0.12180860531452649, 0.3664610702357276, 0.12971851839811993, 0.0817602685601317]], "startprob": 0.0, "transmat": [0.037171036720016704, 0.10030829429308832, 0.005103273716709823, 0.8574173952701851]}}