{"state_0": {"state": 0, "percentage": 0.4969318662716885, "means": [[-0.44493793624294836, -0.4559998608668579, -0.2606327994996902, -0.46588377505170087, -0.34640748499668905]], "covars": [[0.1088909960276573, 0.11984011965033092, 0.34665408095824346, 0.1270570701801732, 0.07775130677685331]], "startprob": 0.0, "transmat": [0.8580714335716186, 0.0048546434505691675, 0.03591659388275178, 0.10115732909506044]}, "state_1": {"state": 1, "percentage": 0.07149809564113416, "means": [[1.843055281917599, 1.9239121368114929, 1.054255168300285, 1.8324948637339056, 1.4984513711198109]], "covars": [[4.95094619474022, 4.507273948202255, 4.806339502791961, 5.393280037883612, 7.43884726030451]], "startprob": 9.619434822470549e-79, "transmat": [0.027748510802275937, 0.6547145548079749, 0.159930424128287, 0.1576065102614622]}, "state_2": {"state": 2, "percentage": 0.2041895895048667, "means": [[-0.21261053771341748, -0.21178835508106955, -0.12710932108602435, 0.5828158470803492, 0.6333139829007722]], "covars": [[0.19845625917880316, 0.2090531634199715, 0.4150080029147988, 0.3397307730030313, 0.3302525749201002]], "startprob": 1.0, "transmat": [0.08152780366484695, 0.05497730097862224, 0.8274730087535015, 0.03602188660302919]}, "state_3": {"state": 3, "percentage": 0.22738044858231063, "means": [[0.5417444933965565, 0.5388774482187906, 0.32753760760385664, -0.10865195738670992, -0.2987485108812611]], "covars": [[0.5174235457780563, 0.5112693645337693, 1.07481026963527, 0.21240958864530418, 0.1039212563020588]], "startprob": 0.0, "transmat": [0.21736038803836993, 0.04986383024051609, 0.025820399879767388, 0.7069553818413465]}}