{"state_0": {"state": 0, "percentage": 0.3278177458033573, "means": [[-0.5521244068728126, -0.5722486856700197, -0.4013348986662424, -0.465605268180591, -0.2479347638786303]], "covars": [[0.03563361764800902, 0.03508016867617652, 0.10564213645029283, 0.29737434998163936, 0.2146806599072063]], "startprob": 0.0, "transmat": [0.7810432394561077, 0.028238581389667124, 0.06330165556188684, 0.12741652359233852]}, "state_1": {"state": 1, "percentage": 0.12613908872901677, "means": [[1.7116885952220158, 1.7207259555477605, 1.1645804831943767, 0.666042444882441, -0.09647459102827918]], "covars": [[3.6009434287983537, 3.3432203669888954, 3.2312796715782794, 0.8597680139624988, 0.33706593609881813]], "startprob": 0.0, "transmat": [0.061395906983932574, 0.6502119996088651, 0.06553580247809186, 0.22285629092911047]}, "state_2": {"state": 2, "percentage": 0.19040767386091126, "means": [[-0.09721586131389119, -0.09300088745420187, -0.024836997419877774, 1.1008308195232341, 1.1282609295952621]], "covars": [[0.15796246553290966, 0.18684086411113918, 0.5435802920397701, 1.651598186178847, 2.9099759810938095]], "startprob": 1.0, "transmat": [0.10995147441399732, 0.04740030028683412, 0.8192800099968459, 0.023368215302322654]}, "state_3": {"state": 3, "percentage": 0.35563549160671465, "means": [[-0.051601400237927954, -0.03862696965840061, -0.03391370857592539, -0.4073400660432437, -0.3497494319018111]], "covars": [[0.07662515566437805, 0.12329060996136425, 0.6359082832800915, 0.15921414997116767, 0.047686095212736465]], "startprob": 0.0, "transmat": [0.11963676746022013, 0.07376900151451832, 0.01582095180026205, 0.7907732792249995]}}