state	fractional_occupancy	mean_lifetime	mean_intervaltime
0	0.49693186627168856	7.265477048145762	8.96956814097161
1	0.07149809564113416	1.9579893871288727	38.9586485667948
2	0.20418958950486668	5.696869480194885	27.310790134596978
3	0.22738044858231063	2.5970604711722043	14.610947820070258
