state	mean_fractional_occupancy	std_fractional_occupancy	min_fractional_occupancy	max_fractional_occupancy	mean_lifetime	std_lifetime	min_lifetime	max_lifetime	mean_intervaltime	std_intervaltime	min_intervaltime	max_intervaltime
0	0.49693186627168856	0.08384553846732971	0.29280575539568343	0.6733812949640288	7.265477048145762	2.8416003292595193	3.0606060606060606	14.381818181818181	8.96956814097161	1.6590191213899796	6.111111111111111	13.09433962264151
1	0.07149809564113416	0.021079828429377775	0.03597122302158273	0.12661870503597122	1.9579893871288727	0.5036663212351017	1.0689655172413792	3.142857142857143	38.9586485667948	10.01035700963058	23.02	59.92857142857143
2	0.20418958950486668	0.07274211564454826	0.029496402877697843	0.33741007194244604	5.696869480194885	2.6601105929389313	1.5	12.88888888888889	27.310790134596978	13.279470074081376	12.271428571428572	78.9375
3	0.22738044858231063	0.07982555703002747	0.08345323741007195	0.4330935251798561	2.5970604711722043	0.5535209697983502	1.4821428571428572	3.5813953488372094	14.610947820070258	5.618612546799798	6.2885906040268456	27.976744186046513
