state	fractional_occupancy	mean_lifetime	mean_intervaltime
0	0.3278177458033573	3.587962330067594	15.76330599225336
1	0.1261390887290168	1.850078661601627	22.211215993246615
2	0.19040767386091126	6.864611598409795	27.570281441282262
3	0.35563549160671465	5.021163919365468	9.99513470353678
