Hidden State	Mean	Variance
1	1.2434951490368917e-09	6.756756756759134e-05
2	1.2460174053678693e-09	999.9999999999999
