Hidden State	Mean	Variance
1	0.018810771205043663	1000.0000000063878
2	0.019198106057228215	9.442975825990644e-05
