Hidden State	Mean	Variance
1	0.8958480075004931	0.0023013815222933847
2	0.8015789687102184	0.002095169991832843
