Hidden State	Mean	Variance
1	1.009625574510721	0.0017352298619746289
2	0.903948713505508	0.002124569786310702
