Hidden State	Mean	Variance
1	0.014425110385695142	7.888587793819059e-05
2	0.014560871200230212	1000.0000000025998
