Hidden State	Mean	Variance
1	6.392065729597498e-10	6.756756756792454e-05
2	5.826382031577784e-10	999.9999999999999
