Hidden State	Mean	Variance
1	3.7460187751065416e-10	999.9999999999999
2	3.747574790887755e-10	6.756756757032982e-05
