Hidden State	Mean	Variance
1	0.013382301248513926	999.9999999999999
2	0.01557383571062413	7.621194609155505e-05
