Hidden State	Mean	Variance
1	0.8084825422390217	0.001343070740813655
2	0.7598485599892268	0.000846938321845812
