Hidden State	Mean	Variance
1	1.2549844302396314	0.014641020324320252
2	1.2557818511590428	0.013223031721495613
