Hidden State	Mean	Variance
1	9.072995389407885e-10	6.75675675678725e-05
2	7.350243721093122e-10	999.9999999999999
