Hidden State	Mean	Variance
1	0.0723728291300313	0.0012865588983288637
2	0.03745045714225329	0.0002205431954328835
