Hidden State	Mean	Variance
1	-0.4057060741001211	0.002863725185835096
2	-0.036906144704945305	0.014858900987649857
