Hidden State	Mean	Variance
1	-0.3598418662804857	0.05213400983154282
2	-0.36234788704682636	0.05241718773298367
