Hidden State	Mean	Variance
1	-0.6620206454995923	0.0005524583466719502
2	-0.5988013790860998	0.0007178724356903829
