test	t-value	df	p-value	significance
Wilks' lambda	95.06190950489629	33.0	7.857490234009342e-42	True
Pillai's trace	1.95332772072928	33.0	0.059302683759101235	False
Hotelling-Lawley trace	1.629232070455421	33.0	0.11277431997588644	False
Roy's greatest root	1.629232070455421	33.0	0.11277431997588644	False
