test	t-value	df	p-value	significance
Wilks' lambda	65.3671582582889	38.0	1.1753875632391647e-40	True
Pillai's trace	8.090910201882533	38.0	8.659090744770108e-10	True
Hotelling-Lawley trace	5.229992283482075	38.0	6.459247639300719e-06	True
Roy's greatest root	5.229992283482075	38.0	6.459247639300719e-06	True
