test	t-value	df	p-value	significance
Wilks' lambda	167.59648431278902	38.0	3.9096377730749876e-56	True
Pillai's trace	5.872760809373937	38.0	8.509432138200066e-07	True
Hotelling-Lawley trace	5.1663277500583025	38.0	7.887935621479908e-06	True
Roy's greatest root	5.1663277500583025	38.0	7.887935621479908e-06	True
