test	t-value	df	p-value	significance
Wilks' lambda	-5.8168037606994005	32.0	1.8458974065315613e-06	True
Pillai's trace	-25.15315097697923	32.0	1.1929726385589008e-22	True
Hotelling-Lawley trace	-23.891627708643767	32.0	5.709758210750305e-22	True
Roy's greatest root	-23.891627708643767	32.0	5.709758210750305e-22	True
