test	t-value	df	p-value	significance
PERMANOVA	20.620281163416447	38.0	3.1129428906749796e-22	True
