Hidden State	Mean	Variance
1	0.020142531044966105	0.0002674284516733701
2	0.02020951772925583	0.0002597432936068651
