Hidden State	Mean	Variance
1	9.002064309398874e-10	6.756756757232077e-05
2	9.012385351413436e-10	999.9999999999999
