Hidden State	Mean	Variance
1	1.1475531236559147	0.0016771126303582135
2	1.0383852379373928	0.004995493128137459
