Hidden State	Mean	Variance
1	0.33598041780206944	0.01622609033794533
2	-0.04751762144357854	0.014177783514512696
