rating_method,cr_mean_v,cr_mean_a,cr_mean_dist,cr_mean_angle,cr_std_v,cr_std_a,cr_std_dist,cr_std_angle,cr_skew_v,cr_skew_a,cr_skew_dist,cr_skew_angle,cr_kurtosis_v,cr_kurtosis_a,cr_kurtosis_dist,cr_kurtosis_angle,cr_auc_v,cr_auc_a,cr_auc_dist,cr_auc_angle
V1,0.06607022259236826,0.05906554266353724,0.6785347726265285,0.4677453960299816,0.5964137451756568,0.504497028975345,0.3970746719184339,1.5867304053625646,-0.2641750104071609,-0.2641750104071609,-0.43138955019914826,0.014566174513549315,-0.5521735013422142,-0.5521735013422142,-0.8944090654229044,-0.7201221441680419,13962.28,13962.28,143392.6977824882,98846.08994894617
V2,0.03665229879618414,0.018784354179285277,0.7569399859784017,0.33438013921293114,0.626123519739205,0.5521470222047005,0.3544457631190494,1.7656809507153872,-0.3034566136409224,-0.3034566136409224,-0.6636610367201552,-0.017392146900929488,-0.8682435550936152,-0.8682435550936152,-0.4444073747067967,-0.9303282748775699,7745.821499999999,7745.821499999999,159962.4488568436,70662.31526326352
mean,0.0513612606942762,0.03892494842141126,0.717737379302465,0.4010627676214562,0.6116252759653029,0.5292416989748381,0.37840043790444633,1.6799160313664758,-0.28875176032192534,-0.28875176032192534,-0.556716004680906,-0.016617048913511453,-0.7154554506973421,-0.7154554506973421,-0.6857128182455376,-0.8177925398340737,21707.972500000003,21707.972500000003,303355.3287196713,169509.58428032737
