{"state_0": {"state": 0, "percentage": 0.22126436781609196, "means": [[0.5493180927969521, 1.4415554163785396]], "covars": [[1.036137801352111, 0.3685209525862404]], "startprob": 5.914534030591022e-101, "transmat": [0.9546428047689032, 1.5323149310838584e-100, 0.045357195231096756, 1.0107329005717685e-37]}, "state_1": {"state": 1, "percentage": 0.2361111111111111, "means": [[-0.455327687410945, -1.1837462944941148]], "covars": [[0.7696785583102593, 0.08752412886325682]], "startprob": 2.977869729087237e-202, "transmat": [0.001018672572269699, 0.9590701784695135, 9.561529138100404e-39, 0.03991114895821687]}, "state_2": {"state": 2, "percentage": 0.28400383141762453, "means": [[0.1292570696375323, 0.26485529041865125]], "covars": [[0.8121463263805295, 0.06861532535182731]], "startprob": 1.0, "transmat": [0.035191546057080275, 6.1088420837115226e-33, 0.9165906907216942, 0.04821776322122554]}, "state_3": {"state": 3, "percentage": 0.25862068965517243, "means": [[-0.20292999763801134, -0.46089882121687104]], "covars": [[0.8725913344420889, 0.033426571725446955]], "startprob": 3.149401635322817e-101, "transmat": [6.170363623886714e-16, 0.037325558715409435, 0.05210227505517464, 0.9105721662294153]}}