{"2": {"percentage": 0.30977379899793694, "means": [[-0.08987754488294034, -0.42521224996229906]], "covars": [[0.6000914123147592, 0.038546122441869536]], "startprob": 1.0433836309430165e-202, "transmat": [0.923970600421776, 5.243241733084526e-06, 0.04520829123540041, 0.030815865101090554]}, "3": {"percentage": 0.188605216622458, "means": [[0.5254763471774351, 1.5122782553883813]], "covars": [[1.2788760324719806, 0.639893914324197]], "startprob": 1.808466661914191e-202, "transmat": [6.39395383181479e-27, 0.9489583127192724, 0.05095003598501985, 9.165129570771906e-05]}, "0": {"percentage": 0.29314028882994403, "means": [[0.21106256302510887, 0.2968781101830243]], "covars": [[0.79443657697507, 0.07130077869137177]], "startprob": 1.0, "transmat": [0.04852878277527636, 0.03335021069686917, 0.9180345180601619, 8.648846769261695e-05]}, "1": {"percentage": 0.20848069554966106, "means": [[-0.6401574205389826, -1.1703034095371223]], "covars": [[0.8744183985011201, 0.1673946296009357]], "startprob": 0.0, "transmat": [0.04407032875969759, 0.0006660791945718362, 0.0004833730507278215, 0.9547802189950026]}}