{"state_0": {"state": 0, "percentage": 0.3097743407707911, "means": [[-0.061113445563962435, -0.3903129910544187]], "covars": [[0.6145330576537062, 0.03980382429150409]], "startprob": 3.7810929235678173e-84, "transmat": [0.9228491248576575, 3.856352261063975e-05, 0.03173362524667472, 0.045378686373057205]}, "state_1": {"state": 1, "percentage": 0.1851546653144016, "means": [[0.5480962691465467, 1.5292196287015192]], "covars": [[1.2460733288935182, 0.6088094316139341]], "startprob": 3.6495599714695445e-159, "transmat": [3.5155931780714715e-64, 0.9488232870795681, 6.705927399895074e-05, 0.05110965364643294]}, "state_2": {"state": 2, "percentage": 0.2260395537525355, "means": [[-0.6515746651800737, -1.1415622668230572]], "covars": [[0.8315008375183046, 0.1655480858707578]], "startprob": 2.088032486272032e-292, "transmat": [0.04195203235356701, 0.0004817376976303623, 0.9571426363043465, 0.00042359364445609894]}, "state_3": {"state": 3, "percentage": 0.2790314401622718, "means": [[0.23134669685825535, 0.3314254636292519]], "covars": [[0.7833172199143238, 0.06953145410370097]], "startprob": 1.0, "transmat": [0.05083356128941064, 0.034482363558445944, 0.00014262512621519504, 0.9145414500259282]}}