state	fractional_occupancy	mean_lifetime	mean_intervaltime
0	0.22126436781609193	23.88047138047138	54.101010101010104
1	0.23611111111111113	30.975961538461537	64.80235042735042
2	0.28400383141762453	12.326599326599327	37.51483585858586
3	0.25862068965517243	14.278711484593837	29.66993464052288
