state	mean_fractional_occupancy	std_fractional_occupancy	min_fractional_occupancy	max_fractional_occupancy	mean_lifetime	std_lifetime	min_lifetime	max_lifetime	mean_intervaltime	std_intervaltime	min_intervaltime	max_intervaltime
0	0.293027116768124	0.06273993389154078	0.04964028776978417	0.4482014388489209	6.468305735523249	1.8358159562060532	2.761904761904762	10.755102040816327	35.14583230206096	16.866992005181736	19.314285714285713	122.3
1	0.21370692919348733	0.051539185591139895	0.04028776978417266	0.32158273381294966	14.739230746343523	9.287403679426086	6.209302325581396	55.4	89.43978071507094	57.706995315904415	42.294117647058826	320.0
2	0.3100719424460432	0.10905342824287241	0.15683453237410072	0.781294964028777	9.434666511439278	15.002531733967148	3.7540983606557377	98.18181818181819	34.61377298929475	12.278154890203316	21.558139534883722	68.3529411764706
3	0.18867367644346061	0.03208789214713558	0.11438848920863309	0.26834532374100717	11.289228432852795	4.4527310540737615	7.425531914893617	29.11111111111111	85.50993692395733	45.09324995852435	16.22222222222222	262.5
