Hidden State	Mean	Variance
1	0.7288569807979249	0.0015739295863452661
2	0.3085327400586361	0.032047611261770276
