Hidden State	Mean	Variance
1	-0.2375535987398746	0.020759094135932885
2	-0.5092582824199261	0.005344512191112501
