Hidden State	Mean	Variance
1	0.4582108537341982	0.023774610148357397
2	0.4587088568088817	0.02393494897688493
