Hidden State	Mean	Variance
1	-0.4171205694958201	0.005273596022537239
2	-0.0069857457653693085	0.03773140613737706
