Hidden State	Mean	Variance
1	0.27673725977396013	0.009784910931676266
2	0.6294229252542027	0.010912723530593808
