{"state_0": {"state": 0, "percentage": 0.10863309352517986, "means": [[0.4618181613890153, 0.8806853810841256, 0.35936461677363785, 0.38151120210692313, 0.541486874989354, 0.8051467129200528, 1.1450001788707178]], "covars": [[0.6615156453487474, 0.6604001325788724, 0.65362040028368, 0.5625574797012647, 1.2836317614032746, 2.4134880753777996, 5.015642228856247]], "startprob": 1.0, "transmat": [0.6565087663031983, 0.034781932836695055, 0.03220685797708213, 0.2765024428830245]}, "state_1": {"state": 1, "percentage": 0.3971223021582734, "means": [[-0.31022440581042376, -0.6697929608498253, -0.3996878104955688, -0.41931257078721207, -0.37358498809470136, -0.3484875540619349, -0.187773348406757]], "covars": [[0.7409942729409885, 0.2213110678541513, 0.13114370008225767, 0.11229604095970423, 0.10817396240684121, 0.4406679372510039, 0.29919863627708526]], "startprob": 2.1942870724510815e-186, "transmat": [0.013458049987472631, 0.8571562282004856, 0.12737999725001825, 0.00200572456202353]}, "state_2": {"state": 2, "percentage": 0.2079136690647482, "means": [[-0.3569190036293768, -0.6604728613413361, 1.1823750852050474, 1.224691236948088, 0.9621271055510644, 0.6240172654069264, -0.19040789575459702]], "covars": [[1.0238149838725161, 0.23510247586365415, 2.0557439403064532, 1.973577895396399, 2.2289501482898126, 1.112224965180589, 0.33354461023280035]], "startprob": 4.809101475562766e-276, "transmat": [0.005355614096061428, 0.2539086483441597, 0.7407357375597788, 4.641863826345451e-36]}, "state_3": {"state": 3, "percentage": 0.28633093525179854, "means": [[0.5191307466483445, 1.0854992245132076, -0.4366405418794628, -0.44836554736149453, -0.3823579334901044, -0.27208077631615496, -0.034331475405692397]], "covars": [[0.8968847036143156, 0.35204817644380565, 0.09823142956396595, 0.10577548099143677, 0.11859182720458789, 0.3879945979216081, 0.3607298018062071]], "startprob": 7.545430419864821e-41, "transmat": [0.10521062431500126, 0.0025495695215890027, 3.441466233399294e-23, 0.8922398061634098]}}