{"state_0": {"state": 0, "percentage": 0.439568345323741, "means": [[-0.6156652647410918, -0.40209822916969895]], "covars": [[0.25085878426667985, 0.1299389266913864]], "startprob": 1.0, "transmat": [0.904504772522803, 0.0014264490714076138, 0.005613253173105079, 0.08845552523268432]}, "state_1": {"state": 1, "percentage": 0.33309352517985613, "means": [[1.1570410218615803, -0.3476975106318276]], "covars": [[0.3330779593682787, 0.14700767522567532]], "startprob": 1.686752816852263e-74, "transmat": [3.638812913636393e-09, 0.968632278543596, 0.03136771781759108, 1.412807716225713e-26]}, "state_2": {"state": 2, "percentage": 0.04460431654676259, "means": [[0.5103128110019572, 1.9501114110113478]], "covars": [[0.48799157481358924, 5.603598812800991]], "startprob": 1.2789007989053903e-66, "transmat": [0.018630796878403848, 0.1957081461649661, 0.7138466166507013, 0.07181444030592891]}, "state_3": {"state": 3, "percentage": 0.18273381294964028, "means": [[-0.7434312684964371, 0.9650048689258478]], "covars": [[0.17350557141157943, 0.6967521333686212]], "startprob": 9.24969648006158e-51, "transmat": [0.19999099450489, 4.142864816582675e-24, 0.007844726574378161, 0.7921642789207319]}}