{"state_0": {"state": 0, "percentage": 0.10863309352517986, "means": [[0.4618181613891195, 0.8806853810845616, 0.359364616773614, 0.38151120210682155, 0.5414868749891653, 1.1450001788704585, 0.8051467129197559]], "covars": [[0.6615156453488095, 0.6604001325785593, 0.6536204002835044, 0.5625574797010262, 1.2836317614030763, 5.015642228855981, 2.413488075377431]], "startprob": 1.0, "transmat": [0.6565087663021287, 0.0347819328384969, 0.03220685797867671, 0.2765024428806977]}, "state_1": {"state": 1, "percentage": 0.3971223021582734, "means": [[-0.31022440581047295, -0.6697929608498512, -0.3996878104955727, -0.4193125707872095, -0.3735849880946538, -0.1877733484066932, -0.34848755406189574]], "covars": [[0.7409942729409243, 0.22131106785414023, 0.13114370008225462, 0.112296040959702, 0.10817396240688076, 0.29919863627717724, 0.4406679372510218]], "startprob": 2.1942870734648934e-186, "transmat": [0.0134580499871731, 0.8571562281994773, 0.12737999725128918, 0.00200572456206029]}, "state_2": {"state": 2, "percentage": 0.2079136690647482, "means": [[-0.35691900362924445, -0.660472861341228, 1.1823750852049697, 1.2246912369480227, 0.9621271055509272, -0.19040789575462608, 0.6240172654069636]], "covars": [[1.0238149838725081, 0.23510247586370192, 2.0557439403062467, 1.973577895396238, 2.2289501482897665, 0.33354461023270926, 1.112224965180673]], "startprob": 4.809101475379065e-276, "transmat": [0.005355614096456668, 0.2539086483414384, 0.740735737562105, 4.641863828030069e-36]}, "state_3": {"state": 3, "percentage": 0.28633093525179854, "means": [[0.5191307466483428, 1.0854992245131605, -0.4366405418795698, -0.448365547361599, -0.38235793349016367, -0.034331475405735834, -0.27208077631624866]], "covars": [[0.8968847036143559, 0.3520481764438203, 0.0982314295639086, 0.10577548099139175, 0.11859182720456224, 0.36072980180614594, 0.38799459792157615]], "startprob": 7.545430418108014e-41, "transmat": [0.10521062431478846, 0.0025495695216436, 3.4414662340866567e-23, 0.892239806163568]}}