{"state_0": {"state": 0, "percentage": 0.3064748201438849, "means": [[-0.4484204868234539, 0.3512444907283826, 0.3425469310696738, 0.268689976481437, -0.2887580781432327, 0.07857384932147295]], "covars": [[0.40937030224362825, 0.3368504545853853, 0.3669555793905722, 0.6354426278860124, 0.15340680427810408, 0.3999917305144981]], "startprob": 0.0, "transmat": [0.7154558011551798, 0.053485287382957616, 0.2232250550261154, 0.007833856435747162]}, "state_1": {"state": 1, "percentage": 0.0856115107913669, "means": [[-0.22424290964740726, 2.0760926995200335, 2.1699651669805573, 1.7867695140437962, 0.714218830204644, 1.7590869704388736]], "covars": [[0.9968531191096723, 3.511751556210813, 3.008389126162059, 4.147867410776147, 5.6213761600950845, 2.9924650872797787]], "startprob": 2.435868754030064e-175, "transmat": [0.22800100269233087, 0.6767162920530811, 0.03307607574165384, 0.06220662951293412]}, "state_2": {"state": 2, "percentage": 0.4172661870503597, "means": [[-0.1147104954913933, -0.5861733190172563, -0.599450271277616, -0.482372225172562, -0.24291315884343748, -0.5227795209139651]], "covars": [[0.8205244171891275, 0.05335499044450383, 0.043681464015309174, 0.06643286936666203, 0.21542657258205944, 0.38269763757068925]], "startprob": 6.822738555890541e-305, "transmat": [0.15436664050746368, 0.007955009709132462, 0.7665919743522062, 0.07108637543119767]}, "state_3": {"state": 3, "percentage": 0.1906474820143885, "means": [[1.0666718328566405, -0.2061441700167428, -0.20456933523985293, -0.17114482570200346, 0.6710801741706885, 0.2307993559757742]], "covars": [[0.8145387373574835, 0.1460570443507231, 0.1407665960326384, 0.18293429406220324, 1.0907899650444717, 0.4197684102963978]], "startprob": 1.0, "transmat": [0.02538082327668593, 0.040429178732534744, 0.1294199028233061, 0.8047700951674732]}}