{"state_0": {"state": 0, "percentage": 0.3, "means": [[-0.24614408835894033, -0.2996715983317293, -0.3041086174271112]], "covars": [[0.5604136427619955, 0.07696730667124885, 0.16495674706116942]], "startprob": 1.0, "transmat": [0.9243680863675451, 0.005132279039857849, 1.3435527302399237e-36, 0.07049963459259705]}, "state_1": {"state": 1, "percentage": 0.20431654676258992, "means": [[-0.5965973824411239, -1.205336311959035, -0.12341172486179483]], "covars": [[0.5845229067557662, 0.04158970448212257, 0.5064715126668895]], "startprob": 0.0, "transmat": [0.001185534542836456, 0.9710253359192441, 1.297950466366102e-212, 0.02778912953791939]}, "state_2": {"state": 2, "percentage": 0.3597122302158273, "means": [[0.5287456511522083, 1.1321269664043645, -0.2572079549537912]], "covars": [[0.8369535319671847, 0.3373189277143661, 0.27558220992922544]], "startprob": 7.024165718682759e-86, "transmat": [6.383494638547175e-05, 1.359065401747005e-218, 0.9937906688946899, 0.006145496158924571]}, "state_3": {"state": 3, "percentage": 0.13597122302158274, "means": [[0.04231810750462342, -0.48403755388677383, 1.4545395779859458]], "covars": [[1.580986155991098, 0.22716845016293166, 2.7601924588787186]], "startprob": 4.702990960623143e-58, "transmat": [0.15098315176568514, 0.03098910277775139, 0.01567480925874781, 0.8023529361978157]}}