Hidden State	Mean	Variance
1	-0.2637538059239574	0.0052071978738144975
2	-0.05085014738435334	0.00799253313578272
