Hidden State	Mean	Variance
1	1.2166924414910919e-09	999.9999999999999
2	1.4689515702947726e-09	6.756756756767717e-05
