Hidden State	Mean	Variance
1	0.012891667582428044	7.508977138020626e-05
2	0.013032018824885064	1000.0000000086952
