Hidden State	Mean	Variance
1	0.9506275759339036	0.0021556128096513936
2	0.8351865691415782	0.002607091388861416
