Hidden State	Mean	Variance
1	0.7267491072692084	0.016212308040989405
2	-0.08009785949483221	0.04834593895401721
