Hidden State	Mean	Variance
1	0.029706656749508262	0.38117193328055965
2	0.021126948220116158	0.0001423781415748625
