Hidden State	Mean	Variance
1	1.0439857381912375e-09	6.75675675675679e-05
2	1.0177193653428325e-09	999.9999999999999
