Hidden State	Mean	Variance
1	0.8398996317778388	0.0027858083708540266
2	0.9640532850651685	0.0031478167769779415
