Hidden State	Mean	Variance
1	0.31783499118750147	0.0039104470654410944
2	0.5694515429565106	0.011777871872407296
