Hidden State	Mean	Variance
1	2.1209818155630083e-09	999.9999999999999
2	2.1196867730506215e-09	6.756756756759999e-05
