Hidden State	Mean	Variance
1	1.3158168210152943	0.006302841142475205
2	1.1174306904233657	0.008534984948463987
