Hidden State	Mean	Variance
1	0.021901306102731836	0.00015953418467002525
2	0.05096594627630794	0.00034074348656732605
