test	t-value	df	p-value	significance
Wilks' lambda	64.68371464902464	38.0	1.7463506346947807e-40	True
Pillai's trace	18.468167244476113	38.0	1.4160451052386234e-20	True
Hotelling-Lawley trace	13.171640384687516	38.0	9.663836720191312e-16	True
Roy's greatest root	13.171640384687516	38.0	9.663836720191312e-16	True
