test	t-value	df	p-value	significance
Wilks' lambda	40.365174076057286	2.0	0.0006131782585646673	True
Pillai's trace	4.4535970861568295	2.0	0.04689877011133034	True
Hotelling-Lawley trace	3.993073911250286	2.0	0.05737276633070172	False
Roy's greatest root	3.993073911250286	2.0	0.05737276633070172	False
