test	t-value	df	p-value	significance
Wilks' lambda	-4.5998358602280405	31.0	6.73986362112563e-05	True
Pillai's trace	-44.57113427907586	31.0	1.1146127468795016e-29	True
Hotelling-Lawley trace	-42.3548188576404	31.0	5.284916644873469e-29	True
Roy's greatest root	-42.3548188576404	31.0	5.284916644873469e-29	True
