test	t-value	df	p-value	significance
PERMANOVA	14.410115813898413	38.0	5.54037463115658e-17	True
