test	t-value	df	p-value	significance
PERMANOVA	15.616224274885461	37.0	7.217533237355046e-18	True
