test	t-value	df	p-value	significance
Wilks' lambda	79.24217087550872	33.0	3.1104699916315526e-39	True
Pillai's trace	23.677140722940905	33.0	2.778641616569087e-22	True
Hotelling-Lawley trace	17.85825876889775	33.0	1.580182368661641e-18	True
Roy's greatest root	17.85825876889775	33.0	1.580182368661641e-18	True
