{"state_0": {"state": 0, "percentage": 0.22126436781609196, "means": [[-0.5990650285269673, -1.2030078465099403]], "covars": [[0.6286505523236566, 0.04041728667716587]], "startprob": 0.0, "transmat": [0.9831934454809491, 0.0, 0.016806554519050897, 3.625725984704968e-204]}, "state_1": {"state": 1, "percentage": 0.22701149425287356, "means": [[0.7652599070179165, 1.4908271784035991]], "covars": [[0.807951111952125, 0.16757823440818273]], "startprob": 6.814506322019835e-186, "transmat": [0.0, 0.9682975026816156, 9.78699439187937e-177, 0.03170249731838432]}, "state_2": {"state": 2, "percentage": 0.30028735632183906, "means": [[-0.3258308883319384, -0.4958937775278642]], "covars": [[0.8003556303186597, 0.03229967778720346]], "startprob": 5.316406107754952e-71, "transmat": [0.014816307487005857, 5.715062625452871e-176, 0.9647057009047995, 0.02047799160819468]}, "state_3": {"state": 3, "percentage": 0.2514367816091954, "means": [[0.21909870140702045, 0.29463864387097966]], "covars": [[0.7166664196376334, 0.08655395298645038]], "startprob": 1.0, "transmat": [2.1250235928614162e-205, 0.028472211731437345, 0.026955233099195047, 0.9445725551693676]}}