{"state_0": {"state": 0, "percentage": 0.22198275862068967, "means": [[-1.1996934897107647]], "covars": [[0.04128277383463299]], "startprob": 7.40925379833468e-248, "transmat": [0.9835063938377411, 2.3772158346195752e-82, 1.159229900167048e-223, 0.016493606162258864]}, "state_1": {"state": 1, "percentage": 0.2478448275862069, "means": [[0.3251399527106349]], "covars": [[0.08255040202817389]], "startprob": 1.0, "transmat": [1.3996627305715812e-81, 0.9477292056717, 0.029460681336540135, 0.022810112991759914]}, "state_2": {"state": 2, "percentage": 0.22198275862068967, "means": [[1.5054977923247135]], "covars": [[0.15968595636089492]], "startprob": 1.6476452635245969e-121, "transmat": [7.662800331484575e-227, 0.03230343827416819, 0.9676965617258318, 1.0961573329164422e-123]}, "state_3": {"state": 3, "percentage": 0.3081896551724138, "means": [[-0.47813982777112884]], "covars": [[0.035944282086869936]], "startprob": 6.873208035156284e-87, "transmat": [0.01417394573372854, 0.015716757174046383, 1.8193891310138087e-122, 0.9701092970922252]}}