Hidden State	Mean	Variance
1	-0.006446894764494465	0.04940184722660186
2	0.006293655210684913	0.04308296160027469
