Hidden State	Mean	Variance
1	0.011589477703997814	0.07422752419877754
2	-0.0027578572263711122	0.07863877743100832
