Hidden State	Mean	Variance
1	0.5033271903167322	0.06049002705929485
2	-0.19151912511726643	0.013886738178204405
