Hidden State	Mean	Variance
1	-0.04484141574015084	0.004847522901426427
2	0.18838803109280597	0.013682288857445482
