{"state_0": {"state": 0, "percentage": 0.1724137931034483, "means": [[0.6297695531363904, -1.0143452134574678]], "covars": [[0.3049954816095338, 0.294907349089668]], "startprob": 0.0, "transmat": [0.9064238342501233, 4.392451653445819e-41, 0.036475058455217514, 0.05710110729465926]}, "state_1": {"state": 1, "percentage": 0.2557471264367816, "means": [[0.0952930955391747, 1.2976368973059547]], "covars": [[1.1048436512095208, 0.38293678898114775]], "startprob": 1.0, "transmat": [9.18166252107541e-41, 0.9406933354463995, 0.0593066645536005, 5.546997100666957e-19]}, "state_2": {"state": 2, "percentage": 0.3232758620689655, "means": [[0.21721921446387962, 0.142186387384223]], "covars": [[0.9148498331780496, 0.061977231371575466]], "startprob": 8.735038377641307e-228, "transmat": [0.030080658356330107, 0.04570903060521942, 0.8967872230864441, 0.027423087952006448]}, "state_3": {"state": 3, "percentage": 0.24856321839080459, "means": [[-0.84715529219945, -0.8046010064339415]], "covars": [[0.428646826466438, 0.1843155996685901]], "startprob": 0.0, "transmat": [0.02993721720099563, 3.3176040196983624e-13, 0.04671424829923134, 0.9233485344994413]}}