{"state_0": {"state": 0, "percentage": 0.22198275862068967, "means": [[-1.2673537726038349]], "covars": [[0.14288753688154193]], "startprob": 0.0, "transmat": [0.9429060349098201, 5.4059447959781664e-24, 1.1976042784781326e-45, 0.05709396509017989]}, "state_1": {"state": 1, "percentage": 0.28304597701149425, "means": [[0.20021843690869992]], "covars": [[0.04551482008237708]], "startprob": 3.6180059647806316e-163, "transmat": [2.608965976132369e-20, 0.8798300397671601, 0.052329523460747804, 0.06784043677209219]}, "state_2": {"state": 2, "percentage": 0.2514367816091954, "means": [[1.302962552816077]], "covars": [[0.3804132326494521]], "startprob": 1.0, "transmat": [5.968609747348691e-41, 0.05965550738266109, 0.940344492617339, 5.7690496628367106e-33]}, "state_3": {"state": 3, "percentage": 0.2435344827586207, "means": [[-0.43975326426045647]], "covars": [[0.033996310348359836]], "startprob": 0.0, "transmat": [0.05206027782242646, 0.07486489149720024, 1.0506703389408663e-30, 0.8730748306803734]}}