Hidden State	Mean	Variance
1	-0.2590638890559012	0.006284910728449164
2	0.13999944599928102	0.024934903869969344
