Hidden State	Mean	Variance
1	-0.23386972060348538	0.007607022863731551
2	-0.5266246662387314	0.009007897912364159
