Hidden State	Mean	Variance
1	0.5208365793168876	0.006430927923987424
2	0.3234082009773706	0.0031266823056971564
