	Variable	Friedman	df	p-value	Significance
0	valence	70.71818181818173	3	2.995459714792367e-15	True
1	arousal	75.94305239179953	3	2.2749380834279067e-16	True
