	F	Num DF	Den DF	p	Significance
rmANOVA valence	94.33320046788906	3.0	129.0	2.248473924236025e-32	True
rmANOVA arousal	75.73721291162167	3.0	129.0	2.5813204628604233e-28	True
