Variable	Sphericity	W	Chi2	df	p-value	Significance
valence	False	0.6546640675811631	17.674912204112534	5	0.003392343320803862	True
arousal	False	0.7325478329221367	12.98506700657255	5	0.023556899724896736	True
