	F	Num DF	Den DF	p	Significance
rmANOVA ibi	17.880696618182224	3.0	114.0	1.4037406012274803e-09	True
rmANOVA hrv	5.758020350436623	3.0	114.0	0.0010546613975025922	True
rmANOVA lf_hrv	2.4971868958594055	3.0	114.0	0.0632851831394664	False
rmANOVA hf_hrv	11.114375786026528	3.0	114.0	1.8690747018999603e-06	True
rmANOVA posterior_alpha	19.066733424109604	3.0	114.0	4.328057448737185e-10	True
rmANOVA frontal_alpha	14.414166490509373	3.0	114.0	5.0297955905203015e-08	True
rmANOVA frontal_theta	7.327152867862852	3.0	114.0	0.00015524632663032936	True
rmANOVA gamma	8.788213035685024	3.0	114.0	2.7250652899099715e-05	True
rmANOVA beta	3.7338668872326055	3.0	114.0	0.013271936940731192	True
