	F	Num DF	Den DF	p	Significance
rmANOVA ibi	16.260707496686308	3.0	99.0	1.1441516004744872e-08	True
rmANOVA hrv	6.291243183193446	3.0	99.0	0.0005957642333147252	True
rmANOVA lf_hrv	1.7419148915713951	3.0	99.0	0.16335813491696313	False
rmANOVA hf_hrv	10.945318112426385	3.0	99.0	2.8568225597895326e-06	True
rmANOVA posterior_alpha	17.65523800407427	3.0	99.0	2.9478957223557025e-09	True
rmANOVA frontal_alpha	13.652352215173163	3.0	99.0	1.5974970987736807e-07	True
rmANOVA frontal_theta	6.858643134036986	3.0	99.0	0.0003025883022291655	True
rmANOVA gamma	11.038039682261616	3.0	99.0	2.581347131480522e-06	True
rmANOVA beta	6.857532228344304	3.0	99.0	0.0003029877963349927	True
