	F	Num DF	Den DF	p	Significance
rmANOVA ibi	16.953256171521705	3.0	126.0	2.5999189731347056e-09	True
rmANOVA hrv	4.867336491633853	3.0	126.0	0.003087240440014223	True
rmANOVA lf_hrv	3.4692873679402605	3.0	126.0	0.018232564021022437	True
rmANOVA hf_hrv	10.802535328098053	3.0	126.0	2.292073874839838e-06	True
rmANOVA posterior_alpha	0.9906870957963878	3.0	126.0	0.3995324014404279	False
rmANOVA frontal_alpha	0.966200886356863	3.0	126.0	0.41096824412719	False
rmANOVA frontal_theta	0.988747197163769	3.0	126.0	0.40042830524975714	False
rmANOVA gamma	1.0436489317952484	3.0	126.0	0.3757347710027626	False
rmANOVA beta	1.0085229626596681	3.0	126.0	0.39137604686293265	False
