	F	Num DF	Den DF	p	Significance
rmANOVA ibi	3.12535771367575	3.0	6.0	0.1091644782758778	False
rmANOVA hrv	1.4728780994479205	3.0	6.0	0.31346695775534467	False
rmANOVA lf_hrv	0.648841722248645	3.0	6.0	0.6118695571489909	False
rmANOVA hf_hrv	2.886369321397404	3.0	6.0	0.12467221501056028	False
rmANOVA posterior_alpha	5.097176946529668	3.0	6.0	0.04344796992863122	True
rmANOVA frontal_alpha	4.546084563354119	3.0	6.0	0.054735446947940324	False
rmANOVA frontal_theta	2.59241721506275	3.0	6.0	0.14798744695252758	False
rmANOVA gamma	0.6150546216702303	3.0	6.0	0.6299832891096703	False
rmANOVA beta	0.06046087311217678	3.0	6.0	0.9787753239302984	False
