Hidden State	Mean	Variance
1	0.011366830967923229	8.00479733610385e-05
2	0.013240600586616432	999.9999999999999
