Hidden State	Mean	Variance
1	6.670664017195159e-10	6.756756756757112e-05
2	4.5980284368011304e-10	999.9999999999999
