Hidden State	Mean	Variance
1	0.949050441222293	0.004180853580461099
2	0.9489535818297105	0.004156357786841936
