Hidden State	Mean	Variance
1	0.011917461461417431	7.299643693525466e-05
2	0.011905238694149108	1000.0000000000077
