Hidden State	Mean	Variance
1	1.3451009908919694e-09	999.9999999999999
2	1.3537451336923374e-09	6.756756756762129e-05
