Hidden State	Mean	Variance
1	0.8956129046437987	0.0016548078866668145
2	0.8307340454478956	0.0014287895631860759
