Hidden State	Mean	Variance
1	0.07605797973235308	0.009291742033938006
2	-0.13023014970853866	0.011787883562496305
